#SampleID,Wildfire,Library,SampleNum,SiteID,Plot,Subplot,TimePoint,Date,SampleType,SoilDepth,Longitude,Latitude,Aspect,Slope,Treatment,BAERsbs,AshSeverity,InitialAshDepth,Elev,TSFdays,TSFweeks,TSFmonths,TotalSolarRad,AvgSolarRad,AvgWind,AvgAirTemp,AvgFuelTemp,AvgHumidity,TotalPrecip,AvgPrecip
B009Holy5NT3,HolyFire,Lib1,9,CNF05NTP3,CNF05,5N,TP3,10/17/18,Soil,10,33.67808503,-117.457193,West,29.46,Burned,Moderate,High,5.5,1200,34,4.5,1,138.93,4.48,3.2,19,19,50,21.08,0.68
B010Holy5ET3,HolyFire,Lib1,10,CNF05ETP3,CNF05,5E,TP3,10/17/18,Soil,10,33.67808503,-117.457193,West,29.46,Burned,Moderate,High,4.5,1200,34,4.5,1,138.93,4.48,3.2,19,19,50,21.08,0.68
B011Holy5ST3,HolyFire,Lib1,11,CNF05STP3,CNF05,5S,TP3,10/17/18,Soil,10,33.67808503,-117.457193,West,29.46,Burned,Moderate,High,8.25,1200,34,4.5,1,138.93,4.48,3.2,19,19,50,21.08,0.68
B012Holy5WT3,HolyFire,Lib1,12,CNF05WTP3,CNF05,5W,TP3,10/17/18,Soil,10,33.67808503,-117.457193,West,29.46,Burned,Moderate,High,7.75,1200,34,4.5,1,138.93,4.48,3.2,19,19,50,21.08,0.68
B013Holy5NT4,HolyFire,Lib1,13,CNF05NTP4,CNF05,5N,TP4,11/19/18,Soil,10,33.67808503,-117.457193,West,29.46,Burned,Moderate,High,5.5,1200,67,9,2,108.69,3.62,4,16,15.3,41,59.18,1.97
B014Holy5ET4,HolyFire,Lib1,14,CNF05ETP4,CNF05,5E,TP4,11/19/18,Soil,10,33.67808503,-117.457193,West,29.46,Burned,Moderate,High,4.5,1200,67,9,2,108.69,3.62,4,16,15.3,41,59.18,1.97
B015Holy5ST4,HolyFire,Lib1,15,CNF05STP4,CNF05,5S,TP4,11/19/18,Soil,10,33.67808503,-117.457193,West,29.46,Burned,Moderate,High,8.25,1200,67,9,2,108.69,3.62,4,16,15.3,41,59.18,1.97
B016Holy5WT4,HolyFire,Lib1,16,CNF05WTP7,CNF05,5W,TP4,11/19/18,Soil,10,33.67808503,-117.457193,West,29.46,Burned,Moderate,High,7.75,1200,67,9,2,108.69,3.62,4,16,15.3,41,59.18,1.97
B017Holy5NT5,HolyFire,Lib1,17,CNF05NTP5,CNF05,5N,TP5,12/17/18,Soil,10,33.67808503,-117.457193,West,29.46,Burned,Moderate,High,5.5,1200,95,13,3,89.22,2.88,3.6,12,11.4,50,50.55,1.63
B018Holy5ET5,HolyFire,Lib1,18,CNF05ETP5,CNF05,5E,TP5,12/17/18,Soil,10,33.67808503,-117.457193,West,29.46,Burned,Moderate,High,4.5,1200,95,13,3,89.22,2.88,3.6,12,11.4,50,50.55,1.63
B019Holy5ST5,HolyFire,Lib1,19,CNF05STP5,CNF05,5S,TP5,12/17/18,Soil,10,33.67808503,-117.457193,West,29.46,Burned,Moderate,High,8.25,1200,95,13,3,89.22,2.88,3.6,12,11.4,50,50.55,1.63
B020Holy5WT5,HolyFire,Lib1,20,CNF05WTP5,CNF05,5W,TP5,12/17/18,Soil,10,33.67808503,-117.457193,West,29.46,Burned,Moderate,High,7.75,1200,95,13,3,89.22,2.88,3.6,12,11.4,50,50.55,1.63
B021Holy1ET6,HolyFire,Lib1,21,CNF01ETP6,CNF01,1E,TP6,1/22/19,Soil,10,33.69009898,-117.463133,South,9.4,Burned,Moderate,Low,1,1232,131,18,4,91.46,3.05,4.4,12,11.4,54,147.83,4.93
B022Holy1WT6,HolyFire,Lib1,22,CNF01WTP6,CNF01,1W,TP6,1/22/19,Soil,10,33.69009898,-117.463133,South,9.4,Burned,Moderate,Moderate,4,1232,131,18,4,91.46,3.05,4.4,12,11.4,54,147.83,4.93
B023Holy1NT6,HolyFire,Lib1,23,CNF01NTP6,CNF01,1N,TP6,1/22/19,Soil,10,33.69009898,-117.463133,South,9.4,Burned,Moderate,High,7,1232,131,18,4,91.46,3.05,4.4,12,11.4,54,147.83,4.93
B024Holy1ST6,HolyFire,Lib1,24,CNF01STP6,CNF01,1S,TP6,1/22/19,Soil,10,33.69009898,-117.463133,South,9.4,Burned,Moderate,High,7.5,1232,131,18,4,91.46,3.05,4.4,12,11.4,54,147.83,4.93
B025Holy2ET6,HolyFire,Lib1,25,CNF02ETP6,CNF02,2E,TP6,1/22/19,Soil,10,33.69537304,-117.471397,Southwest,23.66,Burned,Moderate,Moderate,4,1265,131,18,4,91.46,3.05,4.4,12,11.4,54,147.83,4.93
B026Holy2ST6,HolyFire,Lib1,26,CNF02STP6,CNF02,2S,TP6,1/22/19,Soil,10,33.69537304,-117.471397,Southwest,23.66,Burned,Moderate,High,6,1265,131,18,4,91.46,3.05,4.4,12,11.4,54,147.83,4.93
B027Holy2NT6,HolyFire,Lib1,27,CNF02NTP6,CNF02,2N,TP6,1/22/19,Soil,10,33.69537304,-117.471397,Southwest,23.66,Burned,Moderate,High,6,1265,131,18,4,91.46,3.05,4.4,12,11.4,54,147.83,4.93
B028Holy2WT6,HolyFire,Lib1,28,CNF02WTP6,CNF02,2W,TP6,1/22/19,Soil,10,33.69537304,-117.471397,Southwest,23.66,Burned,Moderate,High,6,1265,131,18,4,91.46,3.05,4.4,12,11.4,54,147.83,4.93
B029Holy3ST6,HolyFire,Lib1,29,CNF03STP6,CNF03,3S,TP6,1/22/19,Soil,10,33.69325502,-117.466555,Southwest,12.54,Burned,Moderate,Low,1.3,1240,131,18,4,91.46,3.05,4.4,12,11.4,54,147.83,4.93
B030Holy3ET6,HolyFire,Lib1,30,CNF03ETP6,CNF03,3E,TP6,1/22/19,Soil,10,33.69325502,-117.466555,Southwest,12.54,Burned,Moderate,Moderate,4,1240,131,18,4,91.46,3.05,4.4,12,11.4,54,147.83,4.93
B031Holy3WT6,HolyFire,Lib1,31,CNF03WTP6,CNF03,3W,TP6,1/22/19,Soil,10,33.69325502,-117.466555,Southwest,12.54,Burned,Moderate,Moderate,2,1240,131,18,4,91.46,3.05,4.4,12,11.4,54,147.83,4.93
B032Holy3NT6,HolyFire,Lib1,32,CNF03NTP6,CNF03,3N,TP6,1/22/19,Soil,10,33.69325502,-117.466555,Southwest,12.54,Burned,Moderate,High,4.5,1240,131,18,4,91.46,3.05,4.4,12,11.4,54,147.83,4.93
B033Holy6NT6,HolyFire,Lib1,33,CNF06NTP6,CNF06,6N,TP6,1/22/19,Soil,10,33.67167497,-117.458871,Southwest,12.89,Burned,Moderate,Moderate,1.9,1288,131,18,4,91.46,3.05,4.4,12,11.4,54,147.83,4.93
B034Holy6ET6,HolyFire,Lib1,34,CNF06ETP6,CNF06,6E,TP6,1/22/19,Soil,10,33.67167497,-117.458871,Southwest,12.89,Burned,Moderate,High,11.75,1288,131,18,4,91.46,3.05,4.4,12,11.4,54,147.83,4.93
B035Holy6ST6,HolyFire,Lib1,35,CNF06STP6,CNF06,6S,TP6,1/22/19,Soil,10,33.67167497,-117.458871,Southwest,12.89,Burned,Moderate,High,5.5,1288,131,18,4,91.46,3.05,4.4,12,11.4,54,147.83,4.93
B036Holy6WT6,HolyFire,Lib1,36,CNF06WTP6,CNF06,6W,TP6,1/22/19,Soil,10,33.67167497,-117.458871,Southwest,12.89,Burned,Moderate,Low,1.16,1288,131,18,4,91.46,3.05,4.4,12,11.4,54,147.83,4.93
B037Holy7NT6,HolyFire,Lib1,37,CNF07NTP6,CNF07,7N,TP6,1/22/19,Soil,10,33.67135101,-117.458591,Southwest,25.55,Unburned,Unburned,Unburned,0,1288,131,18,4,91.46,3.05,4.4,12,11.4,54,147.83,4.93
B038Holy7ET6,HolyFire,Lib1,38,CNF07ETP6,CNF07,7E,TP6,1/22/19,Soil,10,33.67135101,-117.458591,Southwest,25.55,Unburned,Unburned,Unburned,0,1288,131,18,4,91.46,3.05,4.4,12,11.4,54,147.83,4.93
B039Holy7WT6,HolyFire,Lib1,39,CNF07WTP6,CNF07,7W,TP6,1/22/19,Soil,10,33.67135101,-117.458591,Southwest,25.55,Unburned,Unburned,Unburned,0,1288,131,18,4,91.46,3.05,4.4,12,11.4,54,147.83,4.93
B040Holy7ST6,HolyFire,Lib1,40,CNF07STP6,CNF07,7S,TP6,1/22/19,Soil,10,33.67135101,-117.458591,Southwest,25.55,Unburned,Unburned,Unburned,0,1288,131,18,4,91.46,3.05,4.4,12,11.4,54,147.83,4.93
B041Holy8NT6,HolyFire,Lib1,41,CNF08NTP6,CNF08,8N,TP6,1/22/19,Soil,10,33.66813001,-117.45604,Southwest,10.29,Unburned,Unburned,Unburned,0,1249,131,18,4,91.46,3.05,4.4,12,11.4,54,147.83,4.93
B042Holy8ET6,HolyFire,Lib1,42,CNF08ETP6,CNF08,8E,TP6,1/22/19,Soil,10,33.66813001,-117.45604,Southwest,10.29,Unburned,Unburned,Unburned,0,1249,131,18,4,91.46,3.05,4.4,12,11.4,54,147.83,4.93
B043Holy8ST6,HolyFire,Lib1,43,CNF08STP6,CNF08,8S,TP6,1/22/19,Soil,10,33.66813001,-117.45604,Southwest,10.29,Unburned,Unburned,Unburned,0,1249,131,18,4,91.46,3.05,4.4,12,11.4,54,147.83,4.93
B044Holy8WT6,HolyFire,Lib1,44,CNF08WTP6,CNF08,8W,TP6,1/22/19,Soil,10,33.66813001,-117.45604,Southwest,10.29,Unburned,Unburned,Unburned,0,1249,131,18,4,91.46,3.05,4.4,12,11.4,54,147.83,4.93
B045Holy9NT6,HolyFire,Lib1,45,CNF09NTP6,CNF09,9N,TP6,1/22/19,Soil,10,33.66779901,-117.455492,Southeast,19.05,Unburned,Unburned,Unburned,0,1239,131,18,4,91.46,3.05,4.4,12,11.4,54,147.83,4.93
B046Holy9ET6,HolyFire,Lib1,46,CNF09ETP6,CNF09,9E,TP6,1/22/19,Soil,10,33.66779901,-117.455492,Southeast,19.05,Unburned,Unburned,Unburned,0,1239,131,18,4,91.46,3.05,4.4,12,11.4,54,147.83,4.93
B047Holy9ST6,HolyFire,Lib1,47,CNF09STP6,CNF09,9S,TP6,1/22/19,Soil,10,33.66779901,-117.455492,Southeast,19.05,Unburned,Unburned,Unburned,0,1239,131,18,4,91.46,3.05,4.4,12,11.4,54,147.83,4.93
B048Holy9WT6,HolyFire,Lib1,48,CNF09WTP6,CNF09,9W,TP6,1/22/19,Soil,10,33.66779901,-117.455492,Southeast,19.05,Unburned,Unburned,Unburned,0,1239,131,18,4,91.46,3.05,4.4,12,11.4,54,147.83,4.93
B049Holy5NT6,HolyFire,Lib1,49,CNF05NTP6,CNF05,5N,TP6,1/22/19,Soil,10,33.67808503,-117.457193,West,29.46,Burned,Moderate,High,5.5,1200,131,18,4,91.46,3.05,4.4,12,11.4,54,147.83,4.93
B050Holy5ET6,HolyFire,Lib1,50,CNF05ETP6,CNF05,5E,TP6,1/22/19,Soil,10,33.67808503,-117.457193,West,29.46,Burned,Moderate,High,4.5,1200,131,18,4,91.46,3.05,4.4,12,11.4,54,147.83,4.93
B051Holy5ST6,HolyFire,Lib1,51,CNF05STP6,CNF05,5S,TP6,1/22/19,Soil,10,33.67808503,-117.457193,West,29.46,Burned,Moderate,High,8.25,1200,131,18,4,91.46,3.05,4.4,12,11.4,54,147.83,4.93
B052Holy5WT6,HolyFire,Lib1,52,CNF05WTP6,CNF05,5W,TP6,1/22/19,Soil,10,33.67808503,-117.457193,West,29.46,Burned,Moderate,High,7.75,1200,131,18,4,91.46,3.05,4.4,12,11.4,54,147.83,4.93
B053Holy4NT6,HolyFire,Lib1,53,CNF04NTP6,CNF04,4N,TP6,1/22/19,Soil,10,33.68456097,-117.457109,South,15.71,Burned,Moderate,Low,0.5,1260,131,18,4,91.46,3.05,4.4,12,11.4,54,147.83,4.93
B054Holy4ET6,HolyFire,Lib1,54,CNF04ETP6,CNF04,4E,TP6,1/22/19,Soil,10,33.68456097,-117.457109,South,15.71,Burned,Moderate,High,4.7,1260,131,18,4,91.46,3.05,4.4,12,11.4,54,147.83,4.93
B055Holy4ST6,HolyFire,Lib1,55,CNF04STP6,CNF04,4S,TP6,1/22/19,Soil,10,33.68456097,-117.457109,South,15.71,Burned,Moderate,Moderate,2.5,1260,131,18,4,91.46,3.05,4.4,12,11.4,54,147.83,4.93
B056Holy4WT6,HolyFire,Lib1,56,CNF04WTP6,CNF04,4W,TP6,1/22/19,Soil,10,33.68456097,-117.457109,South,15.71,Burned,Moderate,Moderate,3,1260,131,18,4,91.46,3.05,4.4,12,11.4,54,147.83,4.93
B099Holy1NT4,HolyFire,Lib1,99,CNF01NTP4,CNF01,1N,TP4,11/19/18,Soil,10,33.69009898,-117.463133,South,9.4,Burned,Moderate,High,7,1232,67,9,2,108.69,3.62,4,16,15.3,41,59.18,1.97
B100Holy1ET4,HolyFire,Lib1,100,CNF01ETP4,CNF01,1E,TP4,11/19/18,Soil,10,33.69009898,-117.463133,South,9.4,Burned,Moderate,Low,1,1232,67,9,2,108.69,3.62,4,16,15.3,41,59.18,1.97
B101Holy1ST4,HolyFire,Lib1,101,CNF01STP4,CNF01,1S,TP4,11/19/18,Soil,10,33.69009898,-117.463133,South,9.4,Burned,Moderate,High,7.5,1232,67,9,2,108.69,3.62,4,16,15.3,41,59.18,1.97
B102HolyCNF1WT4,HolyFire,Lib2,102,CNF01WTP4,CNF01,1W,TP4,11/19/18,Soil,10,33.69009898,-117.463133,South,9.4,Burned,Moderate,Moderate,4,1232,67,9,2,108.69,3.62,4,16,15.3,41,59.18,1.97
B103HolyCNF2NT4,HolyFire,Lib2,103,CNF02NTP4,CNF02,2N,TP4,11/19/18,Soil,10,33.69537304,-117.471397,Southwest,23.66,Burned,Moderate,High,6,1265,67,9,2,108.69,3.62,4,16,15.3,41,59.18,1.97
B104HolyCNF2ET4,HolyFire,Lib2,104,CNF02ETP4,CNF02,2E,TP4,11/19/18,Soil,10,33.69537304,-117.471397,Southwest,23.66,Burned,Moderate,Moderate,4,1265,67,9,2,108.69,3.62,4,16,15.3,41,59.18,1.97
B105HolyCNF2ST4,HolyFire,Lib2,105,CNF02STP4,CNF02,2S,TP4,11/19/18,Soil,10,33.69537304,-117.471397,Southwest,23.66,Burned,Moderate,High,6,1265,67,9,2,108.69,3.62,4,16,15.3,41,59.18,1.97
B106HolyCNF2WT4,HolyFire,Lib2,106,CNF02WTP4,CNF02,2W,TP4,11/19/18,Soil,10,33.69537304,-117.471397,Southwest,23.66,Burned,Moderate,High,6,1265,67,9,2,108.69,3.62,4,16,15.3,41,59.18,1.97
B107HolyCNF3NT4,HolyFire,Lib2,107,CNF03NTP4,CNF03,3N,TP4,11/19/18,Soil,10,33.69325502,-117.466555,Southwest,12.54,Burned,Moderate,High,4.5,1240,67,9,2,108.69,3.62,4,16,15.3,41,59.18,1.97
B108HolyCNF3ET4,HolyFire,Lib2,108,CNF03ETP4,CNF03,3E,TP4,11/19/18,Soil,10,33.69325502,-117.466555,Southwest,12.54,Burned,Moderate,Moderate,4,1240,67,9,2,108.69,3.62,4,16,15.3,41,59.18,1.97
B109HolyCNF3ST4,HolyFire,Lib2,109,CNF03STP4,CNF03,3S,TP4,11/19/18,Soil,10,33.69325502,-117.466555,Southwest,12.54,Burned,Moderate,Low,1.3,1240,67,9,2,108.69,3.62,4,16,15.3,41,59.18,1.97
B110HolyCNF3WT4,HolyFire,Lib2,110,CNF03WTP4,CNF03,3W,TP4,11/19/18,Soil,10,33.69325502,-117.466555,Southwest,12.54,Burned,Moderate,Moderate,2,1240,67,9,2,108.69,3.62,4,16,15.3,41,59.18,1.97
B111HolyCNF4NT4,HolyFire,Lib2,111,CNF04NTP4,CNF04,4N,TP4,11/19/18,Soil,10,33.68456097,-117.457109,South,15.71,Burned,Moderate,Low,0.5,1260,67,9,2,108.69,3.62,4,16,15.3,41,59.18,1.97
B112HolyCNF4ET4,HolyFire,Lib2,112,CNF04ETP4,CNF04,4E,TP4,11/19/18,Soil,10,33.68456097,-117.457109,South,15.71,Burned,Moderate,High,4.7,1260,67,9,2,108.69,3.62,4,16,15.3,41,59.18,1.97
B113HolyCNF4ST4,HolyFire,Lib2,113,CNF04STP4,CNF04,4S,TP4,11/19/18,Soil,10,33.68456097,-117.457109,South,15.71,Burned,Moderate,Moderate,2.5,1260,67,9,2,108.69,3.62,4,16,15.3,41,59.18,1.97
B114HolyCNF4WT4,HolyFire,Lib2,114,CNF04WTP4,CNF04,4W,TP4,11/19/18,Soil,10,33.68456097,-117.457109,South,15.71,Burned,Moderate,Moderate,3,1260,67,9,2,108.69,3.62,4,16,15.3,41,59.18,1.97
B115HolyCNF8NT4,HolyFire,Lib2,115,CNF08NTP4,CNF08,8N,TP4,11/19/18,Soil,10,33.66813001,-117.45604,Southwest,10.29,Unburned,Unburned,Unburned,0,1249,67,9,2,108.69,3.62,4,16,15.3,41,59.18,1.97
B116HolyCNF8ET4,HolyFire,Lib2,116,CNF08ETP4,CNF08,8E,TP4,11/19/18,Soil,10,33.66813001,-117.45604,Southwest,10.29,Unburned,Unburned,Unburned,0,1249,67,9,2,108.69,3.62,4,16,15.3,41,59.18,1.97
B117HolyCNF8ST4,HolyFire,Lib2,117,CNF08STP4,CNF08,8S,TP4,11/19/18,Soil,10,33.66813001,-117.45604,Southwest,10.29,Unburned,Unburned,Unburned,0,1249,67,9,2,108.69,3.62,4,16,15.3,41,59.18,1.97
B118HolyCNF8WT4,HolyFire,Lib2,118,CNF08WTP4,CNF08,8W,TP4,11/19/18,Soil,10,33.66813001,-117.45604,Southwest,10.29,Unburned,Unburned,Unburned,0,1249,67,9,2,108.69,3.62,4,16,15.3,41,59.18,1.97
B119HolyCNF9NT4,HolyFire,Lib2,119,CNF09NTP4,CNF09,9N,TP4,11/19/18,Soil,10,33.66779901,-117.455492,Southeast,19.05,Unburned,Unburned,Unburned,0,1239,67,9,2,108.69,3.62,4,16,15.3,41,59.18,1.97
B120HolyCNF9ET4,HolyFire,Lib2,120,CNF09ETP4,CNF09,9E,TP4,11/19/18,Soil,10,33.66779901,-117.455492,Southeast,19.05,Unburned,Unburned,Unburned,0,1239,67,9,2,108.69,3.62,4,16,15.3,41,59.18,1.97
B121HolyCNF9ST4,HolyFire,Lib2,121,CNF09STP4,CNF09,9S,TP4,11/19/18,Soil,10,33.66779901,-117.455492,Southeast,19.05,Unburned,Unburned,Unburned,0,1239,67,9,2,108.69,3.62,4,16,15.3,41,59.18,1.97
B123HolyCNF9WT4,HolyFire,Lib2,123,CNF09WTP4,CNF09,9W,TP4,11/19/18,Soil,10,33.66779901,-117.455492,Southeast,19.05,Unburned,Unburned,Unburned,0,1239,67,9,2,108.69,3.62,4,16,15.3,41,59.18,1.97
B124HolyCNF9NT3,HolyFire,Lib2,124,CNF09NTP3,CNF09,9N,TP3,10/17/18,Soil,10,33.66779901,-117.455492,Southeast,19.05,Unburned,Unburned,Unburned,0,1239,34,4.5,1,138.93,4.48,3.2,19,19,50,21.08,0.68
B125HolyCNF9ET3,HolyFire,Lib2,125,CNF09ETP3,CNF09,9E,TP3,10/17/18,Soil,10,33.66779901,-117.455492,Southeast,19.05,Unburned,Unburned,Unburned,0,1239,34,4.5,1,138.93,4.48,3.2,19,19,50,21.08,0.68
B126HolyCNF9ST3,HolyFire,Lib2,126,CNF09STP3,CNF09,9S,TP3,10/17/18,Soil,10,33.66779901,-117.455492,Southeast,19.05,Unburned,Unburned,Unburned,0,1239,34,4.5,1,138.93,4.48,3.2,19,19,50,21.08,0.68
B127HolyCNF9WT3,HolyFire,Lib2,127,CNF09WTP3,CNF09,9W,TP3,10/17/18,Soil,10,33.66779901,-117.455492,Southeast,19.05,Unburned,Unburned,Unburned,0,1239,34,4.5,1,138.93,4.48,3.2,19,19,50,21.08,0.68
B128HolyCNF8NT3,HolyFire,Lib2,128,CNF08NTP3,CNF08,8N,TP3,10/17/18,Soil,10,33.66813001,-117.45604,Southwest,10.29,Unburned,Unburned,Unburned,0,1249,34,4.5,1,138.93,4.48,3.2,19,19,50,21.08,0.68
B129HolyCNF8ET3,HolyFire,Lib2,129,CNF08ETP3,CNF08,8E,TP3,10/17/18,Soil,10,33.66813001,-117.45604,Southwest,10.29,Unburned,Unburned,Unburned,0,1249,34,4.5,1,138.93,4.48,3.2,19,19,50,21.08,0.68
B130HolyCNF8ST3,HolyFire,Lib2,130,CNF08STP3,CNF08,8S,TP3,10/17/18,Soil,10,33.66813001,-117.45604,Southwest,10.29,Unburned,Unburned,Unburned,0,1249,34,4.5,1,138.93,4.48,3.2,19,19,50,21.08,0.68
B131HolyCNF8WT3,HolyFire,Lib2,131,CNF08WTP3,CNF08,8W,TP3,10/17/18,Soil,10,33.66813001,-117.45604,Southwest,10.29,Unburned,Unburned,Unburned,0,1249,34,4.5,1,138.93,4.48,3.2,19,19,50,21.08,0.68
B132HolyCNF7NT3,HolyFire,Lib2,132,CNF07NTP3,CNF07,7N,TP3,10/17/18,Soil,10,33.67135101,-117.458591,Southwest,25.55,Unburned,Unburned,Unburned,0,1288,34,4.5,1,138.93,4.48,3.2,19,19,50,21.08,0.68
B133HolyCNF7ET3,HolyFire,Lib2,133,CNF07ETP3,CNF07,7E,TP3,10/17/18,Soil,10,33.67135101,-117.458591,Southwest,25.55,Unburned,Unburned,Unburned,0,1288,34,4.5,1,138.93,4.48,3.2,19,19,50,21.08,0.68
B134HolyCNF7ST3,HolyFire,Lib2,134,CNF07STP3,CNF07,7S,TP3,10/17/18,Soil,10,33.67135101,-117.458591,Southwest,25.55,Unburned,Unburned,Unburned,0,1288,34,4.5,1,138.93,4.48,3.2,19,19,50,21.08,0.68
B135HolyCNF7WT3,HolyFire,Lib2,135,CNF07WTP3,CNF07,7W,TP3,10/17/18,Soil,10,33.67135101,-117.458591,Southwest,25.55,Unburned,Unburned,Unburned,0,1288,34,4.5,1,138.93,4.48,3.2,19,19,50,21.08,0.68
B136HolyCNF6NT3,HolyFire,Lib2,136,CNF06NTP3,CNF06,6N,TP3,10/17/18,Soil,10,33.67167497,-117.458871,Southwest,12.89,Burned,Moderate,Moderate,1.9,1288,34,4.5,1,138.93,4.48,3.2,19,19,50,21.08,0.68
B137HolyCNF6ET3,HolyFire,Lib2,137,CNF06ETP3,CNF06,6E,TP3,10/17/18,Soil,10,33.67167497,-117.458871,Southwest,12.89,Burned,Moderate,High,11.75,1288,34,4.5,1,138.93,4.48,3.2,19,19,50,21.08,0.68
B138HolyCNF6WT3,HolyFire,Lib2,138,CNF06WTP3,CNF06,6W,TP3,10/17/18,Soil,10,33.67167497,-117.458871,Southwest,12.89,Burned,Moderate,Low,1.16,1288,34,4.5,1,138.93,4.48,3.2,19,19,50,21.08,0.68
B139HolyCNF6ST3,HolyFire,Lib2,139,CNF06STP3,CNF06,6S,TP3,10/17/18,Soil,10,33.67167497,-117.458871,Southwest,12.89,Burned,Moderate,High,5.5,1288,34,4.5,1,138.93,4.48,3.2,19,19,50,21.08,0.68
B140HolyCNF4ET3,HolyFire,Lib2,140,CNF04ETP3,CNF04,4E,TP3,10/17/18,Soil,10,33.68456097,-117.457109,South,15.71,Burned,Moderate,High,4.7,1260,34,4.5,1,138.93,4.48,3.2,19,19,50,21.08,0.68
B141HolyCNF4ST3,HolyFire,Lib2,141,CNF04STP3,CNF04,4S,TP3,10/17/18,Soil,10,33.68456097,-117.457109,South,15.71,Burned,Moderate,Moderate,2.5,1260,34,4.5,1,138.93,4.48,3.2,19,19,50,21.08,0.68
B142HolyCNF4WT3,HolyFire,Lib2,142,CNF04WTP3,CNF04,4W,TP3,10/17/18,Soil,10,33.68456097,-117.457109,South,15.71,Burned,Moderate,Moderate,3,1260,34,4.5,1,138.93,4.48,3.2,19,19,50,21.08,0.68
B143HolyCNF4NT3,HolyFire,Lib2,143,CNF04NTP3,CNF04,4N,TP3,10/17/18,Soil,10,33.68456097,-117.457109,South,15.71,Burned,Moderate,Low,0.5,1260,34,4.5,1,138.93,4.48,3.2,19,19,50,21.08,0.68
B144HolyCNF3ST3,HolyFire,Lib2,144,CNF03STP3,CNF03,3S,TP3,10/17/18,Soil,10,33.69325502,-117.466555,Southwest,12.54,Burned,Moderate,Low,1.3,1240,34,4.5,1,138.93,4.48,3.2,19,19,50,21.08,0.68
B145HolyCNF3NT3,HolyFire,Lib2,145,CNF03NTP3,CNF03,3N,TP3,10/17/18,Soil,10,33.69325502,-117.466555,Southwest,12.54,Burned,Moderate,High,4.5,1240,34,4.5,1,138.93,4.48,3.2,19,19,50,21.08,0.68
B147HolyCNF3ET3,HolyFire,Lib2,147,CNF03ETP3,CNF03,3E,TP3,10/17/18,Soil,10,33.69325502,-117.466555,Southwest,12.54,Burned,Moderate,Moderate,4,1240,34,4.5,1,138.93,4.48,3.2,19,19,50,21.08,0.68
B148HolyCNF3WT3,HolyFire,Lib2,148,CNF03WTP3,CNF03,3W,TP3,10/17/18,Soil,10,33.69325502,-117.466555,Southwest,12.54,Burned,Moderate,Moderate,2,1240,34,4.5,1,138.93,4.48,3.2,19,19,50,21.08,0.68
B149HolyCNF2NT3,HolyFire,Lib2,149,CNF02NTP3,CNF02,2N,TP3,10/17/18,Soil,10,33.69537304,-117.471397,Southwest,23.66,Burned,Moderate,High,6,1265,34,4.5,1,138.93,4.48,3.2,19,19,50,21.08,0.68
B150HolyCNF2ET3,HolyFire,Lib2,150,CNF02ETP3,CNF02,2E,TP3,10/17/18,Soil,10,33.69537304,-117.471397,Southwest,23.66,Burned,Moderate,Moderate,4,1265,34,4.5,1,138.93,4.48,3.2,19,19,50,21.08,0.68
B151HolyCNF2ST3,HolyFire,Lib2,151,CNF02STP3,CNF02,2S,TP3,10/17/18,Soil,10,33.69537304,-117.471397,Southwest,23.66,Burned,Moderate,High,6,1265,34,4.5,1,138.93,4.48,3.2,19,19,50,21.08,0.68
B152HolyCNF2WT3,HolyFire,Lib2,152,CNF02WTP3,CNF02,2W,TP3,10/17/18,Soil,10,33.69537304,-117.471397,Southwest,23.66,Burned,Moderate,High,6,1265,34,4.5,1,138.93,4.48,3.2,19,19,50,21.08,0.68
B153HolyCNF1NT3,HolyFire,Lib2,153,CNF01NTP3,CNF01,1N,TP3,10/17/18,Soil,10,33.69009898,-117.463133,South,9.4,Burned,Moderate,High,7,1232,34,4.5,1,138.93,4.48,3.2,19,19,50,21.08,0.68
B154HolyCNF1ET3,HolyFire,Lib2,154,CNF01ETP3,CNF01,1E,TP3,10/17/18,Soil,10,33.69009898,-117.463133,South,9.4,Burned,Moderate,Low,1,1232,34,4.5,1,138.93,4.48,3.2,19,19,50,21.08,0.68
B155HolyCNF1ST3,HolyFire,Lib2,155,CNF01STP3,CNF01,1S,TP3,10/17/18,Soil,10,33.69009898,-117.463133,South,9.4,Burned,Moderate,High,7.5,1232,34,4.5,1,138.93,4.48,3.2,19,19,50,21.08,0.68
B156HolyCNF1WT3,HolyFire,Lib2,156,CNF01WTP3,CNF01,1W,TP3,10/17/18,Soil,10,33.69009898,-117.463133,South,9.4,Burned,Moderate,Moderate,4,1232,34,4.5,1,138.93,4.48,3.2,19,19,50,21.08,0.68
B157HolyCNF1NT2,HolyFire,Lib2,157,CNF01NTP2,CNF01,1N,TP2,10/8/18,Soil,10,33.69009898,-117.463133,South,9.4,Burned,Moderate,High,7,1232,25,3,0.75,138.93,4.48,3.2,19,19,50,21.08,0.68
B158HolyCNF1ET2,HolyFire,Lib2,158,CNF01ETP2,CNF01,1E,TP2,10/8/18,Soil,10,33.69009898,-117.463133,South,9.4,Burned,Moderate,Low,1,1232,25,3,0.75,138.93,4.48,3.2,19,19,50,21.08,0.68
B159HolyCNF1ST2,HolyFire,Lib2,159,CNF01STP2,CNF01,1S,TP2,10/8/18,Soil,10,33.69009898,-117.463133,South,9.4,Burned,Moderate,High,7.5,1232,25,3,0.75,138.93,4.48,3.2,19,19,50,21.08,0.68
B160HolyCNF2NT2,HolyFire,Lib2,160,CNF02NTP2,CNF02,2N,TP2,10/8/18,Soil,10,33.69537304,-117.471397,Southwest,23.66,Burned,Moderate,High,6,1265,25,3,0.75,138.93,4.48,3.2,19,19,50,21.08,0.68
B161HolyCNF2ET2,HolyFire,Lib2,161,CNF02ETP2,CNF02,2E,TP2,10/8/18,Soil,10,33.69537304,-117.471397,Southwest,23.66,Burned,Moderate,Moderate,4,1265,25,3,0.75,138.93,4.48,3.2,19,19,50,21.08,0.68
B162HolyCNF2ST2,HolyFire,Lib2,162,CNF02STP2,CNF02,2S,TP2,10/8/18,Soil,10,33.69537304,-117.471397,Southwest,23.66,Burned,Moderate,High,6,1265,25,3,0.75,138.93,4.48,3.2,19,19,50,21.08,0.68
B163HolyCNF2WT2,HolyFire,Lib2,163,CNF02WTP2,CNF02,2W,TP2,10/8/18,Soil,10,33.69537304,-117.471397,Southwest,23.66,Burned,Moderate,High,6,1265,25,3,0.75,138.93,4.48,3.2,19,19,50,21.08,0.68
B164HolyCNF3NT2,HolyFire,Lib2,164,CNF03NTP2,CNF03,3N,TP2,10/8/18,Soil,10,33.69325502,-117.466555,Southwest,12.54,Burned,Moderate,High,4.5,1240,25,3,0.75,138.93,4.48,3.2,19,19,50,21.08,0.68
B165HolyCNF3ET2,HolyFire,Lib2,165,CNF03ETP2,CNF03,3E,TP2,10/8/18,Soil,10,33.69325502,-117.466555,Southwest,12.54,Burned,Moderate,Moderate,4,1240,25,3,0.75,138.93,4.48,3.2,19,19,50,21.08,0.68
B166HolyCNF3ST2,HolyFire,Lib2,166,CNF03STP2,CNF03,3S,TP2,10/8/18,Soil,10,33.69325502,-117.466555,Southwest,12.54,Burned,Moderate,Low,1.3,1240,25,3,0.75,138.93,4.48,3.2,19,19,50,21.08,0.68
B167HolyCNF3WT2,HolyFire,Lib2,167,CNF03WTP2,CNF03,3W,TP2,10/8/18,Soil,10,33.69325502,-117.466555,Southwest,12.54,Burned,Moderate,Moderate,2,1240,25,3,0.75,138.93,4.48,3.2,19,19,50,21.08,0.68
B168HolyCNF4NT2,HolyFire,Lib2,168,CNF04NTP2,CNF04,4N,TP2,10/8/18,Soil,10,33.68456097,-117.457109,South,15.71,Burned,Moderate,Low,0.5,1260,25,3,0.75,138.93,4.48,3.2,19,19,50,21.08,0.68
B169HolyCNF4ET2,HolyFire,Lib2,169,CNF04ETP2,CNF04,4E,TP2,10/8/18,Soil,10,33.68456097,-117.457109,South,15.71,Burned,Moderate,High,4.7,1260,25,3,0.75,138.93,4.48,3.2,19,19,50,21.08,0.68
B171HolyCNF4ST2,HolyFire,Lib2,171,CNF04STP2,CNF04,4S,TP2,10/8/18,Soil,10,33.68456097,-117.457109,South,15.71,Burned,Moderate,Moderate,2.5,1260,25,3,0.75,138.93,4.48,3.2,19,19,50,21.08,0.68
B172HolyCNF4WT2,HolyFire,Lib2,172,CNF04WTP2,CNF04,4W,TP2,10/8/18,Soil,10,33.68456097,-117.457109,South,15.71,Burned,Moderate,Moderate,3,1260,25,3,0.75,138.93,4.48,3.2,19,19,50,21.08,0.68
B173HolyCNF6NT2,HolyFire,Lib2,173,CNF06NTP2,CNF06,6N,TP2,10/8/18,Soil,10,33.67167497,-117.458871,Southwest,12.89,Burned,Moderate,Moderate,1.9,1288,25,3,0.75,138.93,4.48,3.2,19,19,50,21.08,0.68
B174HolyCNF6ET2,HolyFire,Lib2,174,CNF06ETP2,CNF06,6E,TP2,10/8/18,Soil,10,33.67167497,-117.458871,Southwest,12.89,Burned,Moderate,High,11.75,1288,25,3,0.75,138.93,4.48,3.2,19,19,50,21.08,0.68
B175HolyCNF6ST2,HolyFire,Lib2,175,CNF06STP2,CNF06,6S,TP2,10/8/18,Soil,10,33.67167497,-117.458871,Southwest,12.89,Burned,Moderate,High,5.5,1288,25,3,0.75,138.93,4.48,3.2,19,19,50,21.08,0.68
B176HolCNF6WT2,HolyFire,Lib2,176,CNF06WTP2,CNF06,6W,TP2,10/8/18,Soil,10,33.67167497,-117.458871,Southwest,12.89,Burned,Moderate,Low,1.16,1288,25,3,0.75,138.93,4.48,3.2,19,19,50,21.08,0.68
B177HolyCNF7NT2,HolyFire,Lib2,177,CNF07NTP2,CNF07,7N,TP2,10/8/18,Soil,10,33.67135101,-117.458591,Southwest,25.55,Unburned,Unburned,Unburned,0,1288,25,3,0.75,138.93,4.48,3.2,19,19,50,21.08,0.68
B178HolyCNF7NT2,HolyFire,Lib2,178,CNF07ETP2,CNF07,7E,TP2,10/8/18,Soil,10,33.67135101,-117.458591,Southwest,25.55,Unburned,Unburned,Unburned,0,1288,25,3,0.75,138.93,4.48,3.2,19,19,50,21.08,0.68
B179HolyCNF7ST2,HolyFire,Lib2,179,CNF07STP2,CNF07,7S,TP2,10/8/18,Soil,10,33.67135101,-117.458591,Southwest,25.55,Unburned,Unburned,Unburned,0,1288,25,3,0.75,138.93,4.48,3.2,19,19,50,21.08,0.68
B180HolyCNF7WT2,HolyFire,Lib2,180,CNF07WTP2,CNF07,7W,TP2,10/8/18,Soil,10,33.67135101,-117.458591,Southwest,25.55,Unburned,Unburned,Unburned,0,1288,25,3,0.75,138.93,4.48,3.2,19,19,50,21.08,0.68
B181HolyCNF8NT2,HolyFire,Lib2,181,CNF08NTP2,CNF08,8N,TP2,10/8/18,Soil,10,33.66813001,-117.45604,Southwest,10.29,Unburned,Unburned,Unburned,0,1249,25,3,0.75,138.93,4.48,3.2,19,19,50,21.08,0.68
B182HolyCNF8ET2,HolyFire,Lib2,182,CNF08ETP2,CNF08,8E,TP2,10/8/18,Soil,10,33.66813001,-117.45604,Southwest,10.29,Unburned,Unburned,Unburned,0,1249,25,3,0.75,138.93,4.48,3.2,19,19,50,21.08,0.68
B183HolyCNF8ST2,HolyFire,Lib2,183,CNF08STP2,CNF08,8S,TP2,10/8/18,Soil,10,33.66813001,-117.45604,Southwest,10.29,Unburned,Unburned,Unburned,0,1249,25,3,0.75,138.93,4.48,3.2,19,19,50,21.08,0.68
B184HolyCNF8WT2,HolyFire,Lib2,184,CNF08WTP2,CNF08,8W,TP2,10/8/18,Soil,10,33.66813001,-117.45604,Southwest,10.29,Unburned,Unburned,Unburned,0,1249,25,3,0.75,138.93,4.48,3.2,19,19,50,21.08,0.68
B185HolyCNF9NT2,HolyFire,Lib2,185,CNF09NTP2,CNF09,9N,TP2,10/8/18,Soil,10,33.66779901,-117.455492,Southeast,19.05,Unburned,Unburned,Unburned,0,1239,25,3,0.75,138.93,4.48,3.2,19,19,50,21.08,0.68
B187HolyCNF9ET2,HolyFire,Lib2,187,CNF09ETP2,CNF09,9E,TP2,10/8/18,Soil,10,33.66779901,-117.455492,Southeast,19.05,Unburned,Unburned,Unburned,0,1239,25,3,0.75,138.93,4.48,3.2,19,19,50,21.08,0.68
B188HolyCNF9ST2,HolyFire,Lib2,188,CNF09STP2,CNF09,9S,TP2,10/8/18,Soil,10,33.66779901,-117.455492,Southeast,19.05,Unburned,Unburned,Unburned,0,1239,25,3,0.75,138.93,4.48,3.2,19,19,50,21.08,0.68
B189HolyCNF9WT2,HolyFire,Lib2,189,CNF09WTP2,CNF09,9W,TP2,10/8/18,Soil,10,33.66779901,-117.455492,Southeast,19.05,Unburned,Unburned,Unburned,0,1239,25,3,0.75,138.93,4.48,3.2,19,19,50,21.08,0.68
B190HolyCNF8NT1,HolyFire,Lib2,190,CNF08NTP1,CNF08,8N,TP1,9/30/18,Soil,10,33.66813001,-117.45604,Southwest,10.29,Unburned,Unburned,Unburned,0,1249,17,2,0.5,581.2,24.21,6.5,72,75.2,63,0,0
B191HolyCNF8ET1,HolyFire,Lib2,191,CNF08NTP1,CNF08,8E,TP1,9/30/18,Soil,10,33.66813001,-117.45604,Southwest,10.29,Unburned,Unburned,Unburned,0,1249,17,2,0.5,581.2,24.21,6.5,72,75.2,63,0,0
B192HolyCNF8ST1,HolyFire,Lib2,192,CNF08NTP1,CNF08,8S,TP1,9/30/18,Soil,10,33.66813001,-117.45604,Southwest,10.29,Unburned,Unburned,Unburned,0,1249,17,2,0.5,581.2,24.21,6.5,72,75.2,63,0,0
B193HolyCNF8WT1,HolyFire,Lib2,193,CNF08NTP1,CNF08,8W,TP1,9/30/18,Soil,10,33.66813001,-117.45604,Southwest,10.29,Unburned,Unburned,Unburned,0,1249,17,2,0.5,581.2,24.21,6.5,72,75.2,63,0,0
B194HolyCNF7NT1,HolyFire,Lib2,194,CNF07NTP1,CNF07,7N,TP1,9/30/18,Soil,10,33.67135101,-117.458591,Southwest,25.55,Unburned,Unburned,Unburned,0,1288,17,2,0.5,581.2,24.21,6.5,72,75.2,63,0,0
B195HolyCNF7ET1,HolyFire,Lib2,195,CNF07NTP1,CNF07,7E,TP1,9/30/18,Soil,10,33.67135101,-117.458591,Southwest,25.55,Unburned,Unburned,Unburned,0,1288,17,2,0.5,581.2,24.21,6.5,72,75.2,63,0,0
B196HolyCNF7ST1,HolyFire,Lib2,196,CNF07NTP1,CNF07,7S,TP1,9/30/18,Soil,10,33.67135101,-117.458591,Southwest,25.55,Unburned,Unburned,Unburned,0,1288,17,2,0.5,581.2,24.21,6.5,72,75.2,63,0,0
B197HolyCNF7WT1,HolyFire,Lib2,97,CNF07NTP1,CNF07,7W,TP1,9/30/18,Soil,10,33.67135101,-117.458591,Southwest,25.55,Unburned,Unburned,Unburned,0,1288,17,2,0.5,581.2,24.21,6.5,72,75.2,63,0,0
B198HolyCNF6NT1,HolyFire,Lib2,198,CNF06NTP1,CNF06,6N,TP1,9/30/18,Soil,10,33.67167497,-117.458871,Southwest,12.89,Burned,Moderate,Moderate,1.9,1288,17,2,0.5,581.2,24.21,6.5,72,75.2,63,0,0
B199HolyCNF6ET1,HolyFire,Lib2,199,CNF06NTP1,CNF06,6E,TP1,9/30/18,Soil,10,33.67167497,-117.458871,Southwest,12.89,Burned,Moderate,Moderate,11.75,1288,17,2,0.5,581.2,24.21,6.5,72,75.2,63,0,0
B1HolyCNF5NT1,HolyFire,Lib1,1,CNF05NTP1,CNF05,5N,TP1,9/30/18,Soil,10,33.67808503,-117.457193,West,29.46,Burned,Moderate,High,5.5,1200,17,2,0.5,581.2,24.21,6.5,72,75.2,63,0,0
B200HolyCNF6ST1,HolyFire,Lib2,200,CNF06NTP1,CNF06,6S,TP1,9/30/18,Soil,10,33.67167497,-117.458871,Southwest,12.89,Burned,Moderate,High,5.5,1288,17,2,0.5,581.2,24.21,6.5,72,75.2,63,0,0
B201HolyCNF6WT1,HolyFire,Lib2,201,CNF06NTP1,CNF06,6W,TP1,9/30/18,Soil,10,33.67167497,-117.458871,Southwest,12.89,Burned,Moderate,Low,1.16,1288,17,2,0.5,581.2,24.21,6.5,72,75.2,63,0,0
B202HolyCNF4NT1,HolyFire,Lib2,202,CNF04NTP1,CNF04,4N,TP1,9/30/18,Soil,10,33.68456097,-117.457109,South,15.71,Burned,Moderate,Low,0.5,1260,17,2,0.5,581.2,24.21,6.5,72,75.2,63,0,0
B203HolyCNF4ET1,HolyFire,Lib2,203,CNF04NTP1,CNF04,4E,TP1,9/30/18,Soil,10,33.68456097,-117.457109,South,15.71,Burned,Moderate,High,4.7,1260,17,2,0.5,581.2,24.21,6.5,72,75.2,63,0,0
B204HolyCNF4ST1,HolyFire,Lib2,204,CNF04NTP1,CNF04,4S,TP1,9/30/18,Soil,10,33.68456097,-117.457109,South,15.71,Burned,Moderate,Moderate,2.5,1260,17,2,0.5,581.2,24.21,6.5,72,75.2,63,0,0
B205HolyCNF4WT1,HolyFire,Lib2,205,CNF04NTP1,CNF04,4W,TP1,9/30/18,Soil,10,33.68456097,-117.457109,South,15.71,Burned,Moderate,Moderate,3,1260,17,2,0.5,581.2,24.21,6.5,72,75.2,63,0,0
B207HolyCNF3NT1,HolyFire,Lib2,207,CNF03NTP1,CNF03,3N,TP1,9/30/18,Soil,10,33.69325502,-117.466555,Southwest,12.54,Burned,Moderate,High,4.5,1240,17,2,0.5,581.2,24.21,6.5,72,75.2,63,0,0
B208HolyCNF3ET1,HolyFire,Lib2,208,CNF03NTP1,CNF03,3E,TP1,9/30/18,Soil,10,33.69325502,-117.466555,Southwest,12.54,Burned,Moderate,Moderate,4,1240,17,2,0.5,581.2,24.21,6.5,72,75.2,63,0,0
B209HolyCNF3ST1,HolyFire,Lib2,209,CNF03NTP1,CNF03,3S,TP1,9/30/18,Soil,10,33.69325502,-117.466555,Southwest,12.54,Burned,Moderate,Low,1.3,1240,17,2,0.5,581.2,24.21,6.5,72,75.2,63,0,0
B210HolyCNF3WT1,HolyFire,Lib2,210,CNF03NTP1,CNF03,3W,TP1,9/30/18,Soil,10,33.69325502,-117.466555,Southwest,12.54,Burned,Moderate,Moderate,2,1240,17,2,0.5,581.2,24.21,6.5,72,75.2,63,0,0
B211HolyCNF2NT1,HolyFire,Lib2,211,CNF02NTP1,CNF02,2N,TP1,9/30/18,Soil,10,33.69537304,-117.471397,Southwest,23.66,Burned,Moderate,High,6,1265,17,2,0.5,581.2,24.21,6.5,72,75.2,63,0,0
B212HolyCNF2ET1,HolyFire,Lib2,212,CNF02ETP1,CNF02,2E,TP1,9/30/18,Soil,10,33.69537304,-117.471397,Southwest,23.66,Burned,Moderate,Moderate,4,1265,17,2,0.5,581.2,24.21,6.5,72,75.2,63,0,0
B213HolyCNF2ST1,HolyFire,Lib2,213,CNF02STP1,CNF02,2S,TP1,9/30/18,Soil,10,33.69537304,-117.471397,Southwest,23.66,Burned,Moderate,High,6,1265,17,2,0.5,581.2,24.21,6.5,72,75.2,63,0,0
B214HolyCNF2WT1,HolyFire,Lib2,214,CNF02WTP1,CNF02,2W,TP1,9/30/18,Soil,10,33.69537304,-117.471397,Southwest,23.66,Burned,Moderate,High,6,1265,17,2,0.5,581.2,24.21,6.5,72,75.2,63,0,0
B215HolyCNF1NT1,HolyFire,Lib2,215,CNF01NTP1,CNF01,1N,TP1,9/30/18,Soil,10,33.69009898,-117.463133,South,9.4,Burned,Moderate,High,7,1232,17,2,0.5,581.2,24.21,6.5,72,75.2,63,0,0
B216HolyCNF1ET1,HolyFire,Lib2,216,CNF01ETP1,CNF01,1E,TP1,9/30/18,Soil,10,33.69009898,-117.463133,South,9.4,Burned,Moderate,Low,1,1232,17,2,0.5,581.2,24.21,6.5,72,75.2,63,0,0
B217HolyCNF1ST1,HolyFire,Lib2,217,CNF01STP1,CNF01,1S,TP1,9/30/18,Soil,10,33.69009898,-117.463133,South,9.4,Burned,Moderate,High,7.5,1232,17,2,0.5,581.2,24.21,6.5,72,75.2,63,0,0
B218HolyCNF1WT1,HolyFire,Lib2,218,CNF01WTP1,CNF01,1W,TP1,9/30/18,Soil,10,33.69009898,-117.463133,South,9.4,Burned,Moderate,Moderate,4,1232,17,2,0.5,581.2,24.21,6.5,72,75.2,63,0,0
B219HolyCNF9NT7,HolyFire,Lib2,219,CNF09NTP7,CNF09,9N,TP7,3/19/19,Soil,10,33.66779901,-117.455492,Southeast,19.05,Unburned,Unburned,Unburned,0,1239,187,25,6,151.35,4.88,3.9,11,12.1,69,76.96,2.48
B220HolyCNF9ET7,HolyFire,Lib2,220,CNF09ETP7,CNF09,9E,TP7,3/19/19,Soil,10,33.66779901,-117.455492,Southeast,19.05,Unburned,Unburned,Unburned,0,1239,187,25,6,151.35,4.88,3.9,11,12.1,69,76.96,2.48
B221HolyCNF9ST7,HolyFire,Lib2,221,CNF09STP7,CNF09,9S,TP7,3/19/19,Soil,10,33.66779901,-117.455492,Southeast,19.05,Unburned,Unburned,Unburned,0,1239,187,25,6,151.35,4.88,3.9,11,12.1,69,76.96,2.48
B222HolyCNF9WT7,HolyFire,Lib2,222,CNF09WTP7,CNF09,9W,TP7,3/19/19,Soil,10,33.66779901,-117.455492,Southeast,19.05,Unburned,Unburned,Unburned,0,1239,187,25,6,151.35,4.88,3.9,11,12.1,69,76.96,2.48
B223HolyCNF8NT7,HolyFire,Lib2,223,CNF08NTP7,CNF08,8N,TP7,3/19/19,Soil,10,33.66813001,-117.45604,Southwest,10.29,Unburned,Unburned,Unburned,0,1249,187,25,6,151.35,4.88,3.9,11,12.1,69,76.96,2.48
B224HolyCNF8ET7,HolyFire,Lib2,334,CNF08ETP7,CNF08,8E,TP7,3/19/19,Soil,10,33.66813001,-117.45604,Southwest,10.29,Unburned,Unburned,Unburned,0,1249,187,25,6,151.35,4.88,3.9,11,12.1,69,76.96,2.48
B225HolyCNF8ST7,HolyFire,Lib2,225,CNF08STP7,CNF08,8S,TP7,3/19/19,Soil,10,33.66813001,-117.45604,Southwest,10.29,Unburned,Unburned,Unburned,0,1249,187,25,6,151.35,4.88,3.9,11,12.1,69,76.96,2.48
B226HolyCNF8WT7,HolyFire,Lib2,226,CNF08WTP7,CNF08,8W,TP7,3/19/19,Soil,10,33.66813001,-117.45604,Southwest,10.29,Unburned,Unburned,Unburned,0,1249,187,25,6,151.35,4.88,3.9,11,12.1,69,76.96,2.48
B227HolyCNF7NT7,HolyFire,Lib2,227,CNF07NTP7,CNF07,7N,TP7,3/19/19,Soil,10,33.67135101,-117.458591,Southwest,25.55,Unburned,Unburned,Unburned,0,1288,187,25,6,151.35,4.88,3.9,11,12.1,69,76.96,2.48
B228HolyCNF7ET7,HolyFire,Lib3,228,CNF07ETP7,CNF07,7E,TP7,3/19/19,Soil,10,33.67135101,-117.458591,Southwest,25.55,Unburned,Unburned,Unburned,0,1288,187,25,6,151.35,4.88,3.9,11,12.1,69,76.96,2.48
B229HolyCNF7ST7,HolyFire,Lib3,229,CNF07STP7,CNF07,7S,TP7,3/19/19,Soil,10,33.67135101,-117.458591,Southwest,25.55,Unburned,Unburned,Unburned,0,1288,187,25,6,151.35,4.88,3.9,11,12.1,69,76.96,2.48
B230HolyCNF7WT7,HolyFire,Lib3,230,CNF07WTP7,CNF07,7W,TP7,3/19/19,Soil,10,33.67135101,-117.458591,Southwest,25.55,Unburned,Unburned,Unburned,0,1288,187,25,6,151.35,4.88,3.9,11,12.1,69,76.96,2.48
B231HolyCNF6NT7,HolyFire,Lib3,231,CNF06NTP7,CNF06,6N,TP7,3/19/19,Soil,10,33.67167497,-117.458871,Southwest,12.89,Burned,Moderate,Moderate,1.9,1288,187,25,6,151.35,4.88,3.9,11,12.1,69,76.96,2.48
B232HolyCNF6ET7,HolyFire,Lib3,232,CNF06ETP7,CNF06,6E,TP7,3/19/19,Soil,10,33.67167497,-117.458871,Southwest,12.89,Burned,Moderate,High,11.75,1288,187,25,6,151.35,4.88,3.9,11,12.1,69,76.96,2.48
B233HolyCNF6ST7,HolyFire,Lib3,233,CNF06STP7,CNF06,6S,TP7,3/19/19,Soil,10,33.67167497,-117.458871,Southwest,12.89,Burned,Moderate,High,5.5,1288,187,25,6,151.35,4.88,3.9,11,12.1,69,76.96,2.48
B234HolyCNF6WT7,HolyFire,Lib3,234,CNF06WTP7,CNF06,6W,TP7,3/19/19,Soil,10,33.67167497,-117.458871,Southwest,12.89,Burned,Moderate,Low,1.16,1288,187,25,6,151.35,4.88,3.9,11,12.1,69,76.96,2.48
B235HolyCNF5WT7,HolyFire,Lib3,235,CNF05WTP7,CNF05,5W,TP7,3/19/19,Soil,10,33.67808503,-117.457193,West,29.46,Burned,Moderate,High,7.75,1200,187,25,6,151.35,4.88,3.9,11,12.1,69,76.96,2.48
B236HolyCNF5ST7,HolyFire,Lib3,236,CNF05STP7,CNF05,5S,TP7,3/19/19,Soil,10,33.67808503,-117.457193,West,29.46,Burned,Moderate,High,8.25,1200,187,25,6,151.35,4.88,3.9,11,12.1,69,76.96,2.48
B238HolyCNF5NT7,HolyFire,Lib3,238,CNF05NTP7,CNF05,5N,TP7,3/19/19,Soil,10,33.67808503,-117.457193,West,29.46,Burned,Moderate,High,5.5,1200,187,25,6,151.35,4.88,3.9,11,12.1,69,76.96,2.48
B239HolyCNF5ET7,HolyFire,Lib3,239,CNF05ETP7,CNF05,5E,TP7,3/19/19,Soil,10,33.67808503,-117.457193,West,29.46,Burned,Moderate,High,4.5,1200,187,25,6,151.35,4.88,3.9,11,12.1,69,76.96,2.48
B240HolyCNF4NT7,HolyFire,Lib3,240,CNF04NTP7,CNF04,4N,TP7,3/19/19,Soil,10,33.68456097,-117.457109,South,15.71,Burned,Moderate,Low,0.5,1260,187,25,6,151.35,4.88,3.9,11,12.1,69,76.96,2.48
B241HolyCNF4ET7,HolyFire,Lib3,241,CNF04ETP7,CNF04,4E,TP7,3/19/19,Soil,10,33.68456097,-117.457109,South,15.71,Burned,Moderate,High,4.7,1260,187,25,6,151.35,4.88,3.9,11,12.1,69,76.96,2.48
B242HolyCNF4ST7,HolyFire,Lib3,242,CNF04STP7,CNF04,4S,TP7,3/19/19,Soil,10,33.68456097,-117.457109,South,15.71,Burned,Moderate,Moderate,2.5,1260,187,25,6,151.35,4.88,3.9,11,12.1,69,76.96,2.48
B243HolyCNF4WT7,HolyFire,Lib3,243,CNF04WTP7,CNF04,4W,TP7,3/19/19,Soil,10,33.68456097,-117.457109,South,15.71,Burned,Moderate,Moderate,3,1260,187,25,6,151.35,4.88,3.9,11,12.1,69,76.96,2.48
B244HolyCNF3NT7,HolyFire,Lib3,244,CNF03NTP7,CNF03,3N,TP7,3/19/19,Soil,10,33.69325502,-117.466555,Southwest,12.54,Burned,Moderate,High,4.5,1240,187,25,6,151.35,4.88,3.9,11,12.1,69,76.96,2.48
B245HolyCNF3ET7,HolyFire,Lib3,245,CNF03ETP7,CNF03,3E,TP7,3/19/19,Soil,10,33.69325502,-117.466555,Southwest,12.54,Burned,Moderate,Moderate,4,1240,187,25,6,151.35,4.88,3.9,11,12.1,69,76.96,2.48
B246HolyCNF3ST7,HolyFire,Lib3,246,CNF03STP7,CNF03,3S,TP7,3/19/19,Soil,10,33.69325502,-117.466555,Southwest,12.54,Burned,Moderate,Low,1.3,1240,187,25,6,151.35,4.88,3.9,11,12.1,69,76.96,2.48
B247HolyCNF3WT7,HolyFire,Lib3,247,CNF03WTP7,CNF03,3W,TP7,3/19/19,Soil,10,33.69325502,-117.466555,Southwest,12.54,Burned,Moderate,Moderate,2,1240,187,25,6,151.35,4.88,3.9,11,12.1,69,76.96,2.48
B248HolyCNF2NT7,HolyFire,Lib3,248,CNF02NTP7,CNF02,2N,TP7,3/19/19,Soil,10,33.69537304,-117.471397,Southwest,23.66,Burned,Moderate,High,6,1265,187,25,6,151.35,4.88,3.9,11,12.1,69,76.96,2.48
B249HolyCNF2ET7,HolyFire,Lib3,249,CNF02ETP7,CNF02,2E,TP7,3/19/19,Soil,10,33.69537304,-117.471397,Southwest,23.66,Burned,Moderate,Moderate,4,1265,187,25,6,151.35,4.88,3.9,11,12.1,69,76.96,2.48
B250HolyCNF2ST7,HolyFire,Lib3,250,CNF02STP7,CNF02,2S,TP7,3/19/19,Soil,10,33.69537304,-117.471397,Southwest,23.66,Burned,Moderate,High,6,1265,187,25,6,151.35,4.88,3.9,11,12.1,69,76.96,2.48
B251HolyCNF2WT7,HolyFire,Lib3,251,CNF02WTP7,CNF02,2W,TP7,3/19/19,Soil,10,33.69537304,-117.471397,Southwest,23.66,Burned,Moderate,High,6,1265,187,25,6,151.35,4.88,3.9,11,12.1,69,76.96,2.48
B252HolyCNF1NT7,HolyFire,Lib3,252,CNF01NTP7,CNF01,1N,TP7,3/19/19,Soil,10,33.69009898,-117.463133,South,9.4,Burned,Moderate,High,7,1232,187,25,6,151.35,4.88,3.9,11,12.1,69,76.96,2.48
B253HolyCNF1ET7,HolyFire,Lib3,253,CNF01ETP7,CNF01,1E,TP7,3/19/19,Soil,10,33.69009898,-117.463133,South,9.4,Burned,Moderate,Low,1,1232,187,25,6,151.35,4.88,3.9,11,12.1,69,76.96,2.48
B254HolyCNF1ST7,HolyFire,Lib3,254,CNF01STP7,CNF01,1S,TP7,3/19/19,Soil,10,33.69009898,-117.463133,South,9.4,Burned,Moderate,High,7.5,1232,187,25,6,151.35,4.88,3.9,11,12.1,69,76.96,2.48
B255HolyCNF1WT7,HolyFire,Lib3,255,CNF01WTP7,CNF01,1W,TP7,3/19/19,Soil,10,33.69009898,-117.463133,South,9.4,Burned,Moderate,Moderate,4,1232,187,25,6,151.35,4.88,3.9,11,12.1,69,76.96,2.48
B257HolyCNF1NT8,HolyFire,Lib3,257,CNF01NTP8,CNF01,1N,TP8,6/26/19,Soil,10,33.69009898,-117.463133,South,9.4,Burned,Moderate,High,7,1232,286,39,9,223.91,7.46,2.9,19,22.4,72,2.29,0.08
B258HolyCNF1ET8,HolyFire,Lib3,258,CNF01ETP8,CNF01,1E,TP8,6/26/19,Soil,10,33.69009898,-117.463133,South,9.4,Burned,Moderate,Low,1,1232,286,39,9,223.91,7.46,2.9,19,22.4,72,2.29,0.08
B259HolyCNF1ST8,HolyFire,Lib3,259,CNF01STP8,CNF01,1S,TP8,6/26/19,Soil,10,33.69009898,-117.463133,South,9.4,Burned,Moderate,High,7.5,1232,286,39,9,223.91,7.46,2.9,19,22.4,72,2.29,0.08
B260HolyCNF1WT8,HolyFire,Lib3,260,CNF01WTP8,CNF01,1W,TP8,6/26/19,Soil,10,33.69009898,-117.463133,South,9.4,Burned,Moderate,Moderate,4,1232,286,39,9,223.91,7.46,2.9,19,22.4,72,2.29,0.08
B261HolyCNF2NT8,HolyFire,Lib3,261,CNF02NTP8,CNF02,2N,TP8,6/26/19,Soil,10,33.69537304,-117.471397,Southwest,23.66,Burned,Moderate,High,6,1265,286,39,9,223.91,7.46,2.9,19,22.4,72,2.29,0.08
B262HolyCNF2ET8,HolyFire,Lib3,262,CNF02ETP8,CNF02,2E,TP8,6/26/19,Soil,10,33.69537304,-117.471397,Southwest,23.66,Burned,Moderate,Moderate,4,1265,286,39,9,223.91,7.46,2.9,19,22.4,72,2.29,0.08
B263HolyCNF2ST8,HolyFire,Lib3,263,CNF02STP8,CNF02,2S,TP8,6/26/19,Soil,10,33.69537304,-117.471397,Southwest,23.66,Burned,Moderate,High,6,1265,286,39,9,223.91,7.46,2.9,19,22.4,72,2.29,0.08
B264HolyCNF2WT8,HolyFire,Lib3,264,CNF02WTP8,CNF02,2W,TP8,6/26/19,Soil,10,33.69537304,-117.471397,Southwest,23.66,Burned,Moderate,High,6,1265,286,39,9,223.91,7.46,2.9,19,22.4,72,2.29,0.08
B265HolyCNF3NT8,HolyFire,Lib3,265,CNF03NTP8,CNF03,3N,TP8,6/26/19,Soil,10,33.69325502,-117.466555,Southwest,12.54,Burned,Moderate,High,4.5,1240,286,39,9,223.91,7.46,2.9,19,22.4,72,2.29,0.08
B266HolyCNF3ET8,HolyFire,Lib3,266,CNF03ETP8,CNF03,3E,TP8,6/26/19,Soil,10,33.69325502,-117.466555,Southwest,12.54,Burned,Moderate,Moderate,4,1240,286,39,9,223.91,7.46,2.9,19,22.4,72,2.29,0.08
B267HolyCNF3ST8,HolyFire,Lib3,267,CNF03STP8,CNF03,3S,TP8,6/26/19,Soil,10,33.69325502,-117.466555,Southwest,12.54,Burned,Moderate,Low,1.3,1240,286,39,9,223.91,7.46,2.9,19,22.4,72,2.29,0.08
B268HolyCNF3WT8,HolyFire,Lib3,268,CNF03WTP8,CNF03,3W,TP8,6/26/19,Soil,10,33.69325502,-117.466555,Southwest,12.54,Burned,Moderate,High,8.25,1240,286,39,9,223.91,7.46,2.9,19,22.4,72,2.29,0.08
B269HolyCNF4NT8,HolyFire,Lib3,269,CNF04NTP8,CNF04,4N,TP8,6/26/19,Soil,10,33.68456097,-117.457109,South,15.71,Burned,Moderate,High,7.75,1260,286,39,9,223.91,7.46,2.9,19,22.4,72,2.29,0.08
B270HolyCNF4ET8,HolyFire,Lib3,270,CNF04ETP8,CNF04,4E,TP8,6/26/19,Soil,10,33.68456097,-117.457109,South,15.71,Burned,Moderate,High,4.7,1260,286,39,9,223.91,7.46,2.9,19,22.4,72,2.29,0.08
B271HolyCNF4ST8,HolyFire,Lib3,271,CNF04STP8,CNF04,4S,TP8,6/26/19,Soil,10,33.68456097,-117.457109,South,15.71,Burned,Moderate,Moderate,2.5,1260,286,39,9,223.91,7.46,2.9,19,22.4,72,2.29,0.08
B272HolyCNF4WT8,HolyFire,Lib3,272,CNF04WTP8,CNF04,4W,TP8,6/26/19,Soil,10,33.68456097,-117.457109,South,15.71,Burned,Moderate,Moderate,3,1260,286,39,9,223.91,7.46,2.9,19,22.4,72,2.29,0.08
B273HolyCNF5NT8,HolyFire,Lib3,273,CNF05NTP8,CNF05,5N,TP8,6/26/19,Soil,10,33.67808503,-117.457193,West,29.46,Burned,Moderate,High,5.5,1200,286,39,9,223.91,7.46,2.9,19,22.4,72,2.29,0.08
B274HolyCNF5ET8,HolyFire,Lib3,274,CNF05ETP8,CNF05,5E,TP8,6/26/19,Soil,10,33.67808503,-117.457193,West,29.46,Burned,Moderate,High,4.5,1200,286,39,9,223.91,7.46,2.9,19,22.4,72,2.29,0.08
B275HolyCNF5ST8,HolyFire,Lib3,275,CNF05STP8,CNF05,5S,TP8,6/26/19,Soil,10,33.67808503,-117.457193,West,29.46,Burned,Moderate,High,8.25,1200,286,39,9,223.91,7.46,2.9,19,22.4,72,2.29,0.08
B276HolyCNF5WT8,HolyFire,Lib3,276,CNF05WTP8,CNF05,5W,TP8,6/26/19,Soil,10,33.67808503,-117.457193,West,29.46,Burned,Moderate,High,7.75,1200,286,39,9,223.91,7.46,2.9,19,22.4,72,2.29,0.08
B278HolyCNF6NT8,HolyFire,Lib3,278,CNF06NTP8,CNF06,6N,TP8,6/26/19,Soil,10,33.67167497,-117.458871,Southwest,12.89,Burned,Moderate,Moderate,1.9,1288,286,39,9,223.91,7.46,2.9,19,22.4,72,2.29,0.08
B279HolyCNF6ET8,HolyFire,Lib3,279,CNF06ETP8,CNF06,6E,TP8,6/26/19,Soil,10,33.67167497,-117.458871,Southwest,12.89,Burned,Moderate,High,11.75,1288,286,39,9,223.91,7.46,2.9,19,22.4,72,2.29,0.08
B280HolyCNF6ST8,HolyFire,Lib3,280,CNF06STP8,CNF06,6S,TP8,6/26/19,Soil,10,33.67167497,-117.458871,Southwest,12.89,Burned,Moderate,High,5.5,1288,286,39,9,223.91,7.46,2.9,19,22.4,72,2.29,0.08
B281HolyCNF6WT8,HolyFire,Lib3,281,CNF06WTP8,CNF06,6W,TP8,6/26/19,Soil,10,33.67167497,-117.458871,Southwest,12.89,Burned,Moderate,Low,1.16,1288,286,39,9,223.91,7.46,2.9,19,22.4,72,2.29,0.08
B282HolyCNF7NT8,HolyFire,Lib3,282,CNF07NTP8,CNF07,7N,TP8,6/26/19,Soil,10,33.67135101,-117.458591,Southwest,25.55,Unburned,Unburned,Unburned,0,1288,286,39,9,223.91,7.46,2.9,19,22.4,72,2.29,0.08
B283HolyCNF7ET8,HolyFire,Lib3,283,CNF07ETP8,CNF07,7E,TP8,6/26/19,Soil,10,33.67135101,-117.458591,Southwest,25.55,Unburned,Unburned,Unburned,0,1288,286,39,9,223.91,7.46,2.9,19,22.4,72,2.29,0.08
B284HolyCNF7ST8,HolyFire,Lib3,284,CNF07STP8,CNF07,7S,TP8,6/26/19,Soil,10,33.67135101,-117.458591,Southwest,25.55,Unburned,Unburned,Unburned,0,1288,286,39,9,223.91,7.46,2.9,19,22.4,72,2.29,0.08
B285HolyCNF7WT8,HolyFire,Lib3,285,CNF07WTP8,CNF07,7W,TP8,6/26/19,Soil,10,33.67135101,-117.458591,Southwest,25.55,Unburned,Unburned,Unburned,0,1288,286,39,9,223.91,7.46,2.9,19,22.4,72,2.29,0.08
B286HolyCNF8NT8,HolyFire,Lib3,286,CNF08NTP8,CNF08,8N,TP8,6/26/19,Soil,10,33.66813001,-117.45604,Southwest,10.29,Unburned,Unburned,Unburned,0,1249,286,39,9,223.91,7.46,2.9,19,22.4,72,2.29,0.08
B287HolyCNF8ET8,HolyFire,Lib3,287,CNF08ETP8,CNF08,8E,TP8,6/26/19,Soil,10,33.66813001,-117.45604,Southwest,10.29,Unburned,Unburned,Unburned,0,1249,286,39,9,223.91,7.46,2.9,19,22.4,72,2.29,0.08
B288HolyCNF8ST8,HolyFire,Lib3,288,CNF08STP8,CNF08,8S,TP8,6/26/19,Soil,10,33.66813001,-117.45604,Southwest,10.29,Unburned,Unburned,Unburned,0,1249,286,39,9,223.91,7.46,2.9,19,22.4,72,2.29,0.08
B289HolyCNF8WT8,HolyFire,Lib3,289,CNF08WTP8,CNF08,8W,TP8,6/26/19,Soil,10,33.66813001,-117.45604,Southwest,10.29,Unburned,Unburned,Unburned,0,1249,286,39,9,223.91,7.46,2.9,19,22.4,72,2.29,0.08
B290HolyCNF9NT8,HolyFire,Lib3,290,CNF09NTP8,CNF09,9N,TP8,6/26/19,Soil,10,33.66779901,-117.455492,Southeast,19.05,Unburned,Unburned,Unburned,0,1239,286,39,9,223.91,7.46,2.9,19,22.4,72,2.29,0.08
B291CNF9ET8,HolyFire,Lib4James,291,CNF09ETP8,CNF09,9E,TP8,6/26/19,Soil,10,33.66779901,-117.455492,Southeast,19.05,Unburned,Unburned,Unburned,0,1239,286,39,9,223.91,7.46,2.9,19,22.4,72,2.29,0.08
B292CNF9ST8,HolyFire,Lib4James,292,CNF09STP8,CNF09,9S,TP8,6/26/19,Soil,10,33.66779901,-117.455492,Southeast,19.05,Unburned,Unburned,Unburned,0,1239,286,39,9,223.91,7.46,2.9,19,22.4,72,2.29,0.08
B293CNF9WT8,HolyFire,Lib4James,293,CNF09WTP8,CNF09,9W,TP8,6/26/19,Soil,10,33.66779901,-117.455492,Southeast,19.05,Unburned,Unburned,Unburned,0,1239,286,39,9,223.91,7.46,2.9,19,22.4,72,2.29,0.08
B2HolyCNF5ET1,HolyFire,Lib1,2,CNF05ETP1,CNF05,5E,TP1,9/30/18,Soil,10,33.67808503,-117.457193,West,29.46,Burned,Moderate,High,4.5,1200,17,2,0.5,581.2,24.21,6.5,72,75.2,63,0,0
B3HolyCNF5ST1,HolyFire,Lib1,3,CNF05STP1,CNF05,5S,TP1,9/30/18,Soil,10,33.67808503,-117.457193,West,29.46,Burned,Moderate,High,8.25,1200,17,2,0.5,581.2,24.21,6.5,72,75.2,63,0,0
B4HolyCNF5WT1,HolyFire,Lib1,4,CNF05WTP1,CNF05,5W,TP1,9/30/18,Soil,10,33.67808503,-117.457193,West,29.46,Burned,Moderate,High,7.75,1200,17,2,0.5,581.2,24.21,6.5,72,75.2,63,0,0
B58HolyCNF4NbT5,HolyFire,Lib3,58,CNF04NTP5,CNF04,4N,TP5,12/17/18,Soil,10,33.68456097,-117.457109,South,15.71,Burned,Moderate,Low,0.5,1260,95,13,3,89.22,2.88,3.6,12,11.4,50,50.55,1.63
B59HolyCNF4EbT5,HolyFire,Lib3,59,CNF04ETP5,CNF04,4E,TP5,12/17/18,Soil,10,33.68456097,-117.457109,South,15.71,Burned,Moderate,High,4.7,1260,95,13,3,89.22,2.88,3.6,12,11.4,50,50.55,1.63
B5HolyCNF5NT2,HolyFire,Lib1,5,CNF05NTP2,CNF05,5N,TP2,10/8/18,Soil,10,33.67808503,-117.457193,West,29.46,Burned,Moderate,High,5.5,1200,25,3,0.75,138.93,4.48,3.2,19,19,50,21.08,0.68
B60HolyCNF4SbT5,HolyFire,Lib3,60,CNF04STP5,CNF04,4S,TP5,12/17/18,Soil,10,33.68456097,-117.457109,South,15.71,Burned,Moderate,Moderate,2.5,1260,95,13,3,89.22,2.88,3.6,12,11.4,50,50.55,1.63
B61HolyCNF4WbT5,HolyFire,Lib3,61,CNF04WTP5,CNF04,4W,TP5,12/17/18,Soil,10,33.68456097,-117.457109,South,15.71,Burned,Moderate,Moderate,3,1260,95,13,3,89.22,2.88,3.6,12,11.4,50,50.55,1.63
B62HolyCNF3WbT5,HolyFire,Lib3,62,CNF03WTP5,CNF03,3W,TP5,12/17/18,Soil,10,33.69325502,-117.466555,Southwest,12.54,Burned,Moderate,Moderate,2,1240,95,13,3,89.22,2.88,3.6,12,11.4,50,50.55,1.63
B63HolyCNF3EbT5,HolyFire,Lib3,63,CNF03ETP5,CNF03,3E,TP5,12/17/18,Soil,10,33.69325502,-117.466555,Southwest,12.54,Burned,Moderate,Moderate,4,1240,95,13,3,89.22,2.88,3.6,12,11.4,50,50.55,1.63
B64HolyCNF3SbT5,HolyFire,Lib3,64,CNF03STP5,CNF03,3S,TP5,12/17/18,Soil,10,33.69325502,-117.466555,Southwest,12.54,Burned,Moderate,Low,1.3,1240,95,13,3,89.22,2.88,3.6,12,11.4,50,50.55,1.63
B65HolyCNF3NbT5,HolyFire,Lib3,65,CNF03NTP5,CNF03,3N,TP5,12/17/18,Soil,10,33.69325502,-117.466555,Southwest,12.54,Burned,Moderate,High,4.5,1240,95,13,3,89.22,2.88,3.6,12,11.4,50,50.55,1.63
B66HolyCNF6NbT5,HolyFire,Lib3,66,CNF06NTP5,CNF06,6N,TP5,12/17/18,Soil,10,33.67167497,-117.458871,Southwest,12.89,Burned,Moderate,Moderate,1.9,1288,95,13,3,89.22,2.88,3.6,12,11.4,50,50.55,1.63
B67HolyCNF6EbT5,HolyFire,Lib3,67,CNF06ETP5,CNF06,6E,TP5,12/17/18,Soil,10,33.67167497,-117.458871,Southwest,12.89,Burned,Moderate,High,11.75,1288,95,13,3,89.22,2.88,3.6,12,11.4,50,50.55,1.63
B68HolyCNF6SbT5,HolyFire,Lib3,68,CNF06STP5,CNF06,6S,TP5,12/17/18,Soil,10,33.67167497,-117.458871,Southwest,12.89,Burned,Moderate,High,5.5,1288,95,13,3,89.22,2.88,3.6,12,11.4,50,50.55,1.63
B69HolyCNF6WbT5,HolyFire,Lib3,69,CNF06WTP5,CNF06,6W,TP5,12/17/18,Soil,10,33.67167497,-117.458871,Southwest,12.89,Burned,Moderate,Low,1.16,1288,95,13,3,89.22,2.88,3.6,12,11.4,50,50.55,1.63
B6HolyCNF5ET2,HolyFire,Lib3,6,CNF05ETP2,CNF05,5E,TP2,10/8/18,Soil,10,33.67808503,-117.457193,West,29.46,Burned,Moderate,High,4.5,1200,25,3,0.75,138.93,4.48,3.2,19,19,50,21.08,0.68
B70HolyCNF7NbT5,HolyFire,Lib3,70,CNF07NTP5,CNF07,7N,TP5,12/17/18,Soil,10,33.67135101,-117.458591,Southwest,25.55,Unburned,Unburned,Unburned,0,1288,95,13,3,89.22,2.88,3.6,12,11.4,50,50.55,1.63
B71HolyCNF7SbT5,HolyFire,Lib3,71,CNF07STP5,CNF07,7S,TP5,12/17/18,Soil,10,33.67135101,-117.458591,Southwest,25.55,Unburned,Unburned,Unburned,0,1288,95,13,3,89.22,2.88,3.6,12,11.4,50,50.55,1.63
B72HolyCNF7WbT5,HolyFire,Lib3,72,CNF07WTP5,CNF07,7W,TP5,12/17/18,Soil,10,33.67135101,-117.458591,Southwest,25.55,Unburned,Unburned,Unburned,0,1288,95,13,3,89.22,2.88,3.6,12,11.4,50,50.55,1.63
B73HolyCNF7EbT5,HolyFire,Lib3,73,CNF07ETP5,CNF07,7E,TP5,12/17/18,Soil,10,33.67135101,-117.458591,Southwest,25.55,Unburned,Unburned,Unburned,0,1288,95,13,3,89.22,2.88,3.6,12,11.4,50,50.55,1.63
B75HolyCNF9NbT5,HolyFire,Lib3,75,CNF09NTP5,CNF09,9N,TP5,12/17/18,Soil,10,33.66779901,-117.455492,Southeast,19.05,Unburned,Unburned,Unburned,0,1239,95,13,3,89.22,2.88,3.6,12,11.4,50,50.55,1.63
B76HolyCNF9EbT5,HolyFire,Lib3,76,CNF09ETP5,CNF09,9E,TP5,12/17/18,Soil,10,33.66779901,-117.455492,Southeast,19.05,Unburned,Unburned,Unburned,0,1239,95,13,3,89.22,2.88,3.6,12,11.4,50,50.55,1.63
B77HolyCNF9SbT5,HolyFire,Lib3,77,CNF09STP5,CNF09,9S,TP5,12/17/18,Soil,10,33.66779901,-117.455492,Southeast,19.05,Unburned,Unburned,Unburned,0,1239,95,13,3,89.22,2.88,3.6,12,11.4,50,50.55,1.63
B78HolyCNF9WbT5,HolyFire,Lib3,78,CNF09WTP5,CNF09,9W,TP5,12/17/18,Soil,10,33.66779901,-117.455492,Southeast,19.05,Unburned,Unburned,Unburned,0,1239,95,13,3,89.22,2.88,3.6,12,11.4,50,50.55,1.63
B79HolyCNF8NbT5,HolyFire,Lib3,79,CNF08NTP5,CNF08,8N,TP5,12/17/18,Soil,10,33.66813001,-117.45604,Southwest,10.29,Unburned,Unburned,Unburned,0,1249,95,13,3,89.22,2.88,3.6,12,11.4,50,50.55,1.63
B7HolyCNF5ST2,HolyFire,Lib1,7,CNF05STP2,CNF05,5S,TP2,10/8/18,Soil,10,33.67808503,-117.457193,West,29.46,Burned,Moderate,High,8.25,1200,25,3,0.75,138.93,4.48,3.2,19,19,50,21.08,0.68
B80HolyCNF8WbT5,HolyFire,Lib3,80,CNF08WTP5,CNF08,8W,TP5,12/17/18,Soil,10,33.66813001,-117.45604,Southwest,10.29,Unburned,Unburned,Unburned,0,1249,95,13,3,89.22,2.88,3.6,12,11.4,50,50.55,1.63
B81HolyCNF8SbT5,HolyFire,Lib3,81,CNF08STP5,CNF08,8S,TP5,12/17/18,Soil,10,33.66813001,-117.45604,Southwest,10.29,Unburned,Unburned,Unburned,0,1249,95,13,3,89.22,2.88,3.6,12,11.4,50,50.55,1.63
B82HolyCNF8EbT5,HolyFire,Lib3,82,CNF08ETP5,CNF08,8E,TP5,12/17/18,Soil,10,33.66813001,-117.45604,Southwest,10.29,Unburned,Unburned,Unburned,0,1249,95,13,3,89.22,2.88,3.6,12,11.4,50,50.55,1.63
B83HolyCNF2NbT5,HolyFire,Lib3,83,CNF02NTP5,CNF02,2N,TP5,12/17/18,Soil,10,33.69537304,-117.471397,Southwest,23.66,Burned,Moderate,High,6,1265,95,13,3,89.22,2.88,3.6,12,11.4,50,50.55,1.63
B84HolyCNF2EbT5,HolyFire,Lib3,84,CNF02ETP5,CNF02,2E,TP5,12/17/18,Soil,10,33.69537304,-117.471397,Southwest,23.66,Burned,Moderate,Moderate,4,1265,95,13,3,89.22,2.88,3.6,12,11.4,50,50.55,1.63
B85HolyCNF2SbT5,HolyFire,Lib3,85,CNF02STP5,CNF02,2S,TP5,12/17/18,Soil,10,33.69537304,-117.471397,Southwest,23.66,Burned,Moderate,High,6,1265,95,13,3,89.22,2.88,3.6,12,11.4,50,50.55,1.63
B86HolyCNF2WbT5,HolyFire,Lib3,86,CNF02WTP5,CNF02,2W,TP5,12/17/18,Soil,10,33.69537304,-117.471397,Southwest,23.66,Burned,Moderate,High,6,1265,95,13,3,89.22,2.88,3.6,12,11.4,50,50.55,1.63
B87HolyCNF1NbT5,HolyFire,Lib3,87,CNF01NTP5,CNF01,1N,TP5,12/17/18,Soil,10,33.69009898,-117.463133,South,9.4,Burned,Moderate,High,7,1232,95,13,3,89.22,2.88,3.6,12,11.4,50,50.55,1.63
B88HolyCNF1EbT5,HolyFire,Lib3,88,CNF01ETP5,CNF01,1E,TP5,12/17/18,Soil,10,33.69009898,-117.463133,South,9.4,Burned,Moderate,Low,1,1232,95,13,3,89.22,2.88,3.6,12,11.4,50,50.55,1.63
B89HolyCNF1SbT5,HolyFire,Lib3,89,CNF01STP5,CNF01,1S,TP5,12/17/18,Soil,10,33.69009898,-117.463133,South,9.4,Burned,Moderate,High,7.5,1232,95,13,3,89.22,2.88,3.6,12,11.4,50,50.55,1.63
B8HolyCNF5WT2,HolyFire,Lib3,8,CNF05WTP2,CNF05,F5,TP2,10/8/18,Soil,10,33.67808503,-117.457193,West,29.46,Burned,Moderate,High,7.75,1200,25,3,0.75,138.93,4.48,3.2,19,19,50,21.08,0.68
B90HolyCNF1WbT5,HolyFire,Lib3,90,CNF01WTP5,CNF01,1W,TP5,12/17/18,Soil,10,33.69009898,-117.463133,South,9.4,Burned,Moderate,Moderate,4,1232,95,13,3,89.22,2.88,3.6,12,11.4,50,50.55,1.63
B91HolyCNF7NbT4,HolyFire,Lib3,91,CNF07NTP4,CNF07,7N,TP4,11/19/18,Soil,10,33.67135101,-117.458591,Southwest,25.55,Unburned,Unburned,Unburned,0,1288,67,9,2,108.69,3.62,4,16,15.3,41,59.18,1.97
B92HolyCNF7EbT4,HolyFire,Lib3,92,CNF07ETP4,CNF07,7E,TP4,11/19/18,Soil,10,33.67135101,-117.458591,Southwest,25.55,Unburned,Unburned,Unburned,0,1288,67,9,2,108.69,3.62,4,16,15.3,41,59.18,1.97
B93HolyCNF7SbT4,HolyFire,Lib3,93,CNF07STP4,CNF07,7S,TP4,11/19/18,Soil,10,33.67135101,-117.458591,Southwest,25.55,Unburned,Unburned,Unburned,0,1288,67,9,2,108.69,3.62,4,16,15.3,41,59.18,1.97
B94HolyCNF7WbT4,HolyFire,Lib3,94,CNF07WTP4,CNF07,7W,TP4,11/19/18,Soil,10,33.67135101,-117.458591,Southwest,25.55,Unburned,Unburned,Unburned,0,1288,67,9,2,108.69,3.62,4,16,15.3,41,59.18,1.97
B95HolyCNF6NbT4,HolyFire,Lib3,95,CNF06NTP4,CNF06,6N,TP4,11/19/18,Soil,10,33.67167497,-117.458871,Southwest,12.89,Burned,Moderate,Moderate,1.9,1288,67,9,2,108.69,3.62,4,16,15.3,41,59.18,1.97
B96HolyCNF6EbT4,HolyFire,Lib3,96,CNF06ETP4,CNF06,6E,TP4,11/19/18,Soil,10,33.67167497,-117.458871,Southwest,12.89,Burned,Moderate,High,11.75,1288,67,9,2,108.69,3.62,4,16,15.3,41,59.18,1.97
B97HolyCNF6SbT4,HolyFire,Lib3,97,CNF06STP4,CNF06,6S,TP4,11/19/18,Soil,10,33.67167497,-117.458871,Southwest,12.89,Burned,Moderate,High,5.5,1288,67,9,2,108.69,3.62,4,16,15.3,41,59.18,1.97
BCNF01WTP2,HolyFire,Lib4James,332,CNF01WTP2,CNF01,1W,TP2,10/8/18,Soil,10,33.69009898,-117.463133,South,9.4,Burned,Moderate,Moderate,4,1232,25,3,0.75,138.93,4.48,3.2,19,19,50,21.08,0.68
BCNF06WTP4,HolyFire,Lib4James,333,CNF06WTP4,CNF06,6W,TP4,11/19/18,Soil,10,33.67167497,-117.458871,Southwest,12.89,Burned,Moderate,Low,1.16,1288,67,9,2,108.69,3.62,4,16,15.3,41,59.18,1.97
BHoly1ET9,HolyFire,Lib4,296,CNF01ETP9,CNF01,1E,TP9,9/24/19,Soil,10,33.69009898,-117.463133,South,9.4,Burned,Moderate,Moderate,1,1232,25,3,0.75,159.1,5.68,2.9,22,23.4,54,0.51,0.02
BHoly1NT9,HolyFire,Lib4,295,CNF01NTP9,CNF01,1N,TP9,9/24/19,Soil,10,33.69009898,-117.463133,South,9.4,Burned,Moderate,High,7,1232,17,2,0.5,159.1,5.68,2.9,22,23.4,54,0.51,0.02
BHoly1ST9,HolyFire,Lib4,297,CNF01STP9,CNF01,1S,TP9,9/24/19,Soil,10,33.69009898,-117.463133,South,9.4,Burned,Moderate,High,7.5,1232,34,4.5,1,159.1,5.68,2.9,22,23.4,54,0.51,0.02
BHoly1WT9,HolyFire,Lib4,298,CNF01WTP9,CNF01,1W,TP9,9/24/19,Soil,10,33.69009898,-117.463133,South,9.4,Burned,Moderate,Moderate,4,1232,67,9,2,159.1,5.68,2.9,22,23.4,54,0.51,0.02
BHoly2ET9,HolyFire,Lib4,300,CNF02ETP9,CNF02,2E,TP9,9/24/19,Soil,10,33.69537304,-117.471397,Southwest,23.66,Burned,Moderate,Moderate,4,1265,25,3,0.75,159.1,5.68,2.9,22,23.4,54,0.51,0.02
BHoly2NT9,HolyFire,Lib4,299,CNF02NTP9,CNF02,2N,TP9,9/24/19,Soil,10,33.69537304,-117.471397,Southwest,23.66,Burned,Moderate,High,6,1265,17,2,0.5,159.1,5.68,2.9,22,23.4,54,0.51,0.02
BHoly2ST9,HolyFire,Lib4,301,CNF02STP9,CNF02,2S,TP9,9/24/19,Soil,10,33.69537304,-117.471397,Southwest,23.66,Burned,Moderate,High,6,1265,34,4.5,1,159.1,5.68,2.9,22,23.4,54,0.51,0.02
BHoly2WT9,HolyFire,Lib4,302,CNF02WTP9,CNF02,2W,TP9,9/24/19,Soil,10,33.69537304,-117.471397,Southwest,23.66,Burned,Moderate,High,6,1265,67,9,2,159.1,5.68,2.9,22,23.4,54,0.51,0.02
BHoly3ET9,HolyFire,Lib4,304,CNF03ETP9,CNF03,3E,TP9,9/24/19,Soil,10,33.69325502,-117.466555,Southwest,12.54,Burned,Moderate,Moderate,4,1240,25,3,0.75,159.1,5.68,2.9,22,23.4,54,0.51,0.02
BHoly3NT9,HolyFire,Lib4,303,CNF03NTP9,CNF03,3N,TP9,9/24/19,Soil,10,33.69325502,-117.466555,Southwest,12.54,Burned,Moderate,High,4.5,1240,17,2,0.5,159.1,5.68,2.9,22,23.4,54,0.51,0.02
BHoly3ST9,HolyFire,Lib4,305,CNF03STP9,CNF03,3S,TP9,9/24/19,Soil,10,33.69325502,-117.466555,Southwest,12.54,Burned,Moderate,Low,1.3,1240,34,4.5,1,159.1,5.68,2.9,22,23.4,54,0.51,0.02
BHoly3WT9,HolyFire,Lib4,306,CNF03WTP9,CNF03,3W,TP9,9/24/19,Soil,10,33.69325502,-117.466555,Southwest,12.54,Burned,Moderate,Moderate,2,1240,67,9,2,159.1,5.68,2.9,22,23.4,54,0.51,0.02
BHoly4ET9,HolyFire,Lib4,308,CNF04ETP9,CNF04,4E,TP9,9/24/19,Soil,10,33.68456097,-117.457109,South,15.71,Burned,Moderate,High,4.7,1260,25,3,0.75,159.1,5.68,2.9,22,23.4,54,0.51,0.02
BHoly4NT9,HolyFire,Lib4,307,CNF04NTP9,CNF04,4N,TP9,9/24/19,Soil,10,33.68456097,-117.457109,South,15.71,Burned,Moderate,Low,0.5,1260,17,2,0.5,159.1,5.68,2.9,22,23.4,54,0.51,0.02
BHoly4ST9,HolyFire,Lib4,309,CNF04STP9,CNF04,4S,TP9,9/24/19,Soil,10,33.68456097,-117.457109,South,15.71,Burned,Moderate,Moderate,2.5,1260,34,4.5,1,159.1,5.68,2.9,22,23.4,54,0.51,0.02
BHoly4WT9,HolyFire,Lib4,310,CNF04WTP9,CNF04,4W,TP9,9/24/19,Soil,10,33.68456097,-117.457109,South,15.71,Burned,Moderate,Moderate,3,1260,67,9,2,159.1,5.68,2.9,22,23.4,54,0.51,0.02
BHoly5ET9,HolyFire,Lib4,312,CNF05ETP9,CNF05,5E,TP9,9/24/19,Soil,10,33.67808503,-117.457193,West,29.46,Burned,Moderate,High,4.5,1200,25,3,0.75,159.1,5.68,2.9,22,23.4,54,0.51,0.02
BHoly5NT9,HolyFire,Lib4,311,CNF05NTP9,CNF05,5N,TP9,9/24/19,Soil,10,33.67808503,-117.457193,West,29.46,Burned,Moderate,High,5.5,1200,17,2,0.5,159.1,5.68,2.9,22,23.4,54,0.51,0.02
BHoly5ST9,HolyFire,Lib4,313,CNF05STP9,CNF05,5S,TP9,9/24/19,Soil,10,33.67808503,-117.457193,West,29.46,Burned,Moderate,High,6,1200,34,4.5,1,159.1,5.68,2.9,22,23.4,54,0.51,0.02
BHoly5WT9,HolyFire,Lib4,315,CNF05WTP9,CNF05,5W,TP9,9/24/19,Soil,10,33.67808503,-117.457193,West,29.46,Burned,Moderate,High,6,1200,67,9,2,159.1,5.68,2.9,22,23.4,54,0.51,0.02
BHoly6ET9,HolyFire,Lib4,317,CNF06ETP9,CNF06,6E,TP9,9/24/19,Soil,10,33.67167497,-117.458871,Southwest,12.89,Burned,Moderate,High,11.75,1288,25,3,0.75,159.1,5.68,2.9,22,23.4,54,0.51,0.02
BHoly6NT9,HolyFire,Lib4,316,CNF06NTP9,CNF06,6N,TP9,9/24/19,Soil,10,33.67167497,-117.458871,Southwest,12.89,Burned,Moderate,Moderate,1.9,1288,17,2,0.5,159.1,5.68,2.9,22,23.4,54,0.51,0.02
BHoly6ST9,HolyFire,Lib4,318,CNF06STP9,CNF06,6S,TP9,9/24/19,Soil,10,33.67167497,-117.458871,Southwest,12.89,Burned,Moderate,High,5.5,1288,34,4.5,1,159.1,5.68,2.9,22,23.4,54,0.51,0.02
BHoly6WT9,HolyFire,Lib4,319,CNF06WTP9,CNF06,6W,TP9,9/24/19,Soil,10,33.67167497,-117.458871,Southwest,12.89,Burned,Moderate,Low,1.16,1288,67,9,2,159.1,5.68,2.9,22,23.4,54,0.51,0.02
BHoly7ET9,HolyFire,Lib4,321,CNF07ETP9,CNF07,7E,TP9,9/24/19,Soil,10,33.67135101,-117.458591,Southwest,25.55,Unburned,Unburned,Unburned,0,1288,25,3,0.75,159.1,5.68,2.9,22,23.4,54,0.51,0.02
BHoly7NT9,HolyFire,Lib4,320,CNF07NTP9,CNF07,7N,TP9,9/24/19,Soil,10,33.67135101,-117.458591,Southwest,25.55,Unburned,Unburned,Unburned,0,1288,17,2,0.5,159.1,5.68,2.9,22,23.4,54,0.51,0.02
BHoly7ST9,HolyFire,Lib4,322,CNF07STP9,CNF07,7S,TP9,9/24/19,Soil,10,33.67135101,-117.458591,Southwest,25.55,Unburned,Unburned,Unburned,0,1288,34,4.5,1,159.1,5.68,2.9,22,23.4,54,0.51,0.02
BHoly7WT9,HolyFire,Lib4,323,CNF07WTP9,CNF07,7W,TP9,9/24/19,Soil,10,33.67135101,-117.458591,Southwest,25.55,Unburned,Unburned,Unburned,0,1288,67,9,2,159.1,5.68,2.9,22,23.4,54,0.51,0.02
BHoly8ET9,HolyFire,Lib4,325,CNF08ETP9,CNF08,8E,TP9,9/24/19,Soil,10,33.66813001,-117.45604,Southwest,10.29,Unburned,Unburned,Unburned,0,1249,25,3,0.75,159.1,5.68,2.9,22,23.4,54,0.51,0.02
BHoly8NT9,HolyFire,Lib4,324,CNF08NTP9,CNF08,8N,TP9,9/24/19,Soil,10,33.66813001,-117.45604,Southwest,10.29,Unburned,Unburned,Unburned,0,1249,17,2,0.5,159.1,5.68,2.9,22,23.4,54,0.51,0.02
BHoly8ST9,HolyFire,Lib4,326,CNF08STP9,CNF08,8S,TP9,9/24/19,Soil,10,33.66813001,-117.45604,Southwest,10.29,Unburned,Unburned,Unburned,0,1249,34,4.5,1,159.1,5.68,2.9,22,23.4,54,0.51,0.02
BHoly8WT9,HolyFire,Lib4,327,CNF08WTP9,CNF08,8W,TP9,9/24/19,Soil,10,33.66813001,-117.45604,Southwest,10.29,Unburned,Unburned,Unburned,0,1249,67,9,2,159.1,5.68,2.9,22,23.4,54,0.51,0.02
BHoly9ET9,HolyFire,Lib4,329,CNF09ETP9,CNF09,9E,TP9,9/24/19,Soil,10,33.66779901,-117.455492,Southeast,19.05,Unburned,Unburned,Unburned,0,1239,25,3,0.75,159.1,5.68,2.9,22,23.4,54,0.51,0.02
BHoly9NT9,HolyFire,Lib4,328,CNF09NTP9,CNF09,9N,TP9,9/24/19,Soil,10,33.66779901,-117.455492,Southeast,19.05,Unburned,Unburned,Unburned,0,1239,17,2,0.5,159.1,5.68,2.9,22,23.4,54,0.51,0.02
BHoly9ST9,HolyFire,Lib4,330,CNF09STP9,CNF09,9S,TP9,9/24/19,Soil,10,33.66779901,-117.455492,Southeast,19.05,Unburned,Unburned,Unburned,0,1239,34,4.5,1,159.1,5.68,2.9,22,23.4,54,0.51,0.02
BHoly9WT9,HolyFire,Lib4,331,CNF09WTP9,CNF09,9W,TP9,9/24/19,Soil,10,33.66779901,-117.455492,Southeast,19.05,Unburned,Unburned,Unburned,0,1239,67,9,2,159.1,5.68,2.9,22,23.4,54,0.51,0.02