FungalSeqID,SiteId,SeqSampleNum,FireName,Library,Timepoint,Date,Latitude,Longitude,Elevation,Aspect,AspectDegrees,SampleType,SampleDepth,Plot,Subplot,Treatment,BAERsbs,AshSeverity,InitialAshDepth,TSFdays,TSFweeks,TSFmonths,AvgSolarRad,AvgWind,AvgAirTemp,AvgMeanFueTemp,AvgPerMeanHumid,TotPrecip,AvgPrecipitation
F009Holy5NT3,CNF5NT3,9,Holy,Lib1,T3,10/17/18,33.67808503,-117.457193,1195,West,260,Soil,10,CNF05,5N,Burned,Moderate,High,5.5,34,4.5,1,4.48,3.2,18.9,19,50,21,0.679677419
F010Holy5ET3,CNF5ET3,10,Holy,Lib1,T3,10/17/18,33.67808503,-117.457193,1195,West,260,Soil,10,CNF05,5E,Burned,Moderate,High,4.5,34,4.5,1,4.48,3.2,18.9,19,50,21,0.679677419
F011Holy5ST3,CNF5ST3,11,Holy,Lib1,T3,10/17/18,33.67808503,-117.457193,1195,West,260,Soil,10,CNF05,5S,Burned,Moderate,High,8.3,34,4.5,1,4.48,3.2,18.9,19,50,21,0.679677419
F012Holy5WT3,CNF5WT3,12,Holy,Lib1,T3,10/17/18,33.67808503,-117.457193,1195,West,260,Soil,10,CNF05,5W,Burned,Moderate,High,7.8,34,4.5,1,4.48,3.2,18.9,19,50,21,0.679677419
F013Holy5NT4,CNF5NT4,13,Holy,Lib1,T4,11/19/18,33.67808503,-117.457193,1195,West,260,Soil,10,CNF05,5N,Burned,Moderate,High,5.5,67,9,2,3.62,4,15.7,15.3,41,59,1.972666667
F014Holy5ET4,CNF5ET4,14,Holy,Lib1,T4,11/19/18,33.67808503,-117.457193,1195,West,260,Soil,10,CNF05,5E,Burned,Moderate,High,4.5,67,9,2,3.62,4,15.7,15.3,41,59,1.972666667
F015Holy5ST4,CNF5ST4,15,Holy,Lib1,T4,11/19/18,33.67808503,-117.457193,1195,West,260,Soil,10,CNF05,5S,Burned,Moderate,High,8.3,67,9,2,3.62,4,15.7,15.3,41,59,1.972666667
F016Holy5WT4,CNF5WT4,16,Holy,Lib1,T4,11/19/18,33.67808503,-117.457193,1195,West,260,Soil,10,CNF05,5W,Burned,Moderate,High,7.8,67,9,2,3.62,4,15.7,15.3,41,59,1.972666667
F017Holy5NT5,CNF5NT5,17,Holy,Lib1,T5,12/17/18,33.67808503,-117.457193,1195,West,260,Soil,10,CNF05,5N,Burned,Moderate,High,5.5,95,13,3,2.88,3.6,12,11.4,50,51,1.63
F018Holy5ET5,CNF5ET5,18,Holy,Lib1,T5,12/17/18,33.67808503,-117.457193,1195,West,260,Soil,10,CNF05,5E,Burned,Moderate,High,4.5,95,13,3,2.88,3.6,12,11.4,50,51,1.63
F019Holy5ST5,CNF5ST5,19,Holy,Lib1,T5,12/17/18,33.67808503,-117.457193,1195,West,260,Soil,10,CNF05,5S,Burned,Moderate,High,8.3,95,13,3,2.88,3.6,12,11.4,50,51,1.63
F020Holy5WT5,CNF5WT5,20,Holy,Lib1,T5,12/17/18,33.67808503,-117.457193,1195,West,260,Soil,10,CNF05,5W,Burned,Moderate,High,7.8,95,13,3,2.88,3.6,12,11.4,50,51,1.63
F021Holy1ET6,CNF1ET6,21,Holy,Lib1,T6,1/22/19,33.69009898,-117.463133,1228,Sourh,200,Soil,10,CNF01,1E,Burned,Moderate,Low,1,131,18,4,3.05,4.4,11.5,11.4,54,148,4.927
F022Holy1WT6,CNF1WT6,22,Holy,Lib1,T6,1/22/19,33.69009898,-117.463133,1228,Sourh,200,Soil,10,CNF01,1W,Burned,Moderate,High,4,131,18,4,3.05,4.4,11.5,11.4,54,148,4.927
F023Holy1NT6,CNF1NT6,23,Holy,Lib1,T6,1/22/19,33.69009898,-117.463133,1228,Sourh,200,Soil,10,CNF01,1N,Burned,Moderate,High,7,131,18,4,3.05,4.4,11.5,11.4,54,148,4.927
F024Holy1ST6,CNF1ST6,24,Holy,Lib1,T6,1/22/19,33.69009898,-117.463133,1228,Sourh,200,Soil,10,CNF01,1S,Burned,Moderate,High,7.5,131,18,4,3.05,4.4,11.5,11.4,54,148,4.927
F025Holy2ET6,CNF2ET6,25,Holy,Lib1,T6,1/22/19,33.69537304,-117.471397,1260,Southwest,242,Soil,10,CNF02,2E,Burned,Moderate,High,4,131,18,4,3.05,4.4,11.5,11.4,54,148,4.927
F026Holy2ST6,CNF2ST6,26,Holy,Lib1,T6,1/22/19,33.69537304,-117.471397,1260,Southwest,242,Soil,10,CNF02,2S,Burned,Moderate,High,6,131,18,4,3.05,4.4,11.5,11.4,54,148,4.927
F027Holy2NT6,CNF2NT6,27,Holy,Lib1,T6,1/22/19,33.69537304,-117.471397,1260,Southwest,242,Soil,10,CNF02,2N,Burned,Moderate,High,6,131,18,4,3.05,4.4,11.5,11.4,54,148,4.927
F028Holy2WT6,CNF2WT6,28,Holy,Lib1,T6,1/22/19,33.69537304,-117.471397,1260,Southwest,242,Soil,10,CNF02,2W,Burned,Moderate,High,6,131,18,4,3.05,4.4,11.5,11.4,54,148,4.927
F029Holy3ST6,CNF3ST6,29,Holy,Lib1,T6,1/22/19,33.69325502,-117.466555,1237,Southwest,222,Soil,10,CNF03,3S,Burned,Moderate,Low,1.3,131,18,4,3.05,4.4,11.5,11.4,54,148,4.927
F030Holy3ET6,CNF3ET6,30,Holy,Lib1,T6,1/22/19,33.69325502,-117.466555,1237,Southwest,222,Soil,10,CNF03,3E,Burned,Moderate,High,4,131,18,4,3.05,4.4,11.5,11.4,54,148,4.927
F031Holy3WT6,CNF3WT6,31,Holy,Lib1,T6,1/22/19,33.69325502,-117.466555,1237,Southwest,222,Soil,10,CNF03,3W,Burned,Moderate,Moderate,2,131,18,4,3.05,4.4,11.5,11.4,54,148,4.927
F032Holy3NT6,CNF3NT6,32,Holy,Lib1,T6,1/22/19,33.69325502,-117.466555,1237,Southwest,222,Soil,10,CNF03,3N,Burned,Moderate,High,4.5,131,18,4,3.05,4.4,11.5,11.4,54,148,4.927
F033Holy6NT6,CNF6NT6,33,Holy,Lib1,T6,1/22/19,33.67167497,-117.458871,1285,Southwest,212,Soil,10,CNF06,6N,Burned,Moderate,Moderate,1.9,131,18,4,3.05,4.4,11.5,11.4,54,148,4.927
F034Holy6ET6,CNF6ET6,34,Holy,Lib1,T6,1/22/19,33.67167497,-117.458871,1285,Southwest,212,Soil,10,CNF06,6E,Burned,Moderate,High,11.8,131,18,4,3.05,4.4,11.5,11.4,54,148,4.927
F035Holy6ST6,CNF6ST6,35,Holy,Lib1,T6,1/22/19,33.67167497,-117.458871,1285,Southwest,212,Soil,10,CNF06,6S,Burned,Moderate,High,5.5,131,18,4,3.05,4.4,11.5,11.4,54,148,4.927
F036Holy6WT6,CNF6WT6,36,Holy,Lib1,T6,1/22/19,33.67167497,-117.458871,1285,Southwest,212,Soil,10,CNF06,6W,Burned,Moderate,Moderate,2,131,18,4,3.05,4.4,11.5,11.4,54,148,4.927
F037Holy7NT6,CNF7NT6,37,Holy,Lib1,T6,1/22/19,33.67135101,-117.458591,1283,Southwest,232,Soil,10,CNF07,7N,Unburned,Unburned,Unburned,0,131,18,4,3.05,4.4,11.5,11.4,54,148,4.927
F038Holy7ET6,CNF7ET6,38,Holy,Lib1,T6,1/22/19,33.67135101,-117.458591,1283,Southwest,232,Soil,10,CNF07,7E,Unburned,Unburned,Unburned,0,131,18,4,3.05,4.4,11.5,11.4,54,148,4.927
F039Holy7WT6,CNF7WT6,39,Holy,Lib1,T6,1/22/19,33.67135101,-117.458591,1283,Southwest,232,Soil,10,CNF07,7W,Unburned,Unburned,Unburned,0,131,18,4,3.05,4.4,11.5,11.4,54,148,4.927
F040Holy7ST6,CNF7ST6,40,Holy,Lib1,T6,1/22/19,33.67135101,-117.458591,1283,Southwest,232,Soil,10,CNF07,7S,Unburned,Unburned,Unburned,0,131,18,4,3.05,4.4,11.5,11.4,54,148,4.927
F041Holy8NT6,CNF8NT6,41,Holy,Lib1,T6,1/22/19,33.66813001,-117.45604,1250,Southwest,221,Soil,10,CNF08,8N,Unburned,Unburned,Unburned,0,131,18,4,3.05,4.4,11.5,11.4,54,148,4.927
F042Holy8ET6,CNF8ET6,42,Holy,Lib1,T6,1/22/19,33.66813001,-117.45604,1250,Southwest,221,Soil,10,CNF08,8E,Unburned,Unburned,Unburned,0,131,18,4,3.05,4.4,11.5,11.4,54,148,4.927
F043Holy8ST6,CNF8ST6,43,Holy,Lib1,T6,1/22/19,33.66813001,-117.45604,1250,Southwest,221,Soil,10,CNF08,8S,Unburned,Unburned,Unburned,0,131,18,4,3.05,4.4,11.5,11.4,54,148,4.927
F044Holy8WT6,CNF8WT6,44,Holy,Lib1,T6,1/22/19,33.66813001,-117.45604,1250,Southwest,221,Soil,10,CNF08,8W,Unburned,Unburned,Unburned,0,131,18,4,3.05,4.4,11.5,11.4,54,148,4.927
F045Holy9NT6,CNF9NT6,45,Holy,Lib1,T6,1/22/19,33.66779901,-117.455492,1240,Southeast,-,Soil,10,CNF09,9N,Unburned,Unburned,Unburned,0,131,18,4,3.05,4.4,11.5,11.4,54,148,4.927
F046Holy9ET6,CNF9ET6,46,Holy,Lib1,T6,1/22/19,33.66779901,-117.455492,1240,Southeast,-,Soil,10,CNF09,9E,Unburned,Unburned,Unburned,0,131,18,4,3.05,4.4,11.5,11.4,54,148,4.927
F047Holy9ST6,CNF9ST6,47,Holy,Lib1,T6,1/22/19,33.66779901,-117.455492,1240,Southeast,-,Soil,10,CNF09,9S,Unburned,Unburned,Unburned,0,131,18,4,3.05,4.4,11.5,11.4,54,148,4.927
F048Holy9WT6,CNF9WT6,48,Holy,Lib1,T6,1/22/19,33.66779901,-117.455492,1240,Southeast,-,Soil,10,CNF09,9W,Unburned,Unburned,Unburned,0,131,18,4,3.05,4.4,11.5,11.4,54,148,4.927
F049Holy5NT6,CNF5NT6,49,Holy,Lib1,T6,1/22/19,33.67808503,-117.457193,1195,West,260,Soil,10,CNF05,5N,Burned,Moderate,High,5.5,131,18,4,3.05,4.4,11.5,11.4,54,148,4.927
F050Holy5ET6,CNF5ET6,50,Holy,Lib1,T6,1/22/19,33.67808503,-117.457193,1195,West,260,Soil,10,CNF05,5E,Burned,Moderate,High,4.5,131,18,4,3.05,4.4,11.5,11.4,54,148,4.927
F051Holy5ST6,CNF5ST6,51,Holy,Lib1,T6,1/22/19,33.67808503,-117.457193,1195,West,260,Soil,10,CNF05,5S,Burned,Moderate,High,8.3,131,18,4,3.05,4.4,11.5,11.4,54,148,4.927
F052Holy5WT6,CNF5WT6,52,Holy,Lib1,T6,1/22/19,33.67808503,-117.457193,1195,West,260,Soil,10,CNF05,5W,Burned,Moderate,High,7.8,131,18,4,3.05,4.4,11.5,11.4,54,148,4.927
F053Holy4NT6,CNF4NT6,53,Holy,Lib1,T6,1/22/19,33.68456097,-117.457109,1260,Southeast,120,Soil,10,CNF04,4N,Burned,Moderate,Low,0.5,131,18,4,3.05,4.4,11.5,11.4,54,148,4.927
F054Holy4ET6,CNF4ET6,54,Holy,Lib1,T6,1/22/19,33.68456097,-117.457109,1260,Southeast,120,Soil,10,CNF04,4E,Burned,Moderate,High,4.7,131,18,4,3.05,4.4,11.5,11.4,54,148,4.927
F055Holy4ST6,CNF4ST6,55,Holy,Lib1,T6,1/22/19,33.68456097,-117.457109,1260,Southeast,120,Soil,10,CNF04,4S,Burned,Moderate,Moderate,2.5,131,18,4,3.05,4.4,11.5,11.4,54,148,4.927
F056Holy4WT6,CNF4WT6,56,Holy,Lib1,T6,1/22/19,33.68456097,-117.457109,1260,Southeast,120,Soil,10,CNF04,4W,Burned,Moderate,Moderate,3,131,18,4,3.05,4.4,11.5,11.4,54,148,4.927
F099Holy1NT4,CNF1NT4,99,Holy,Lib1,T4,11/19/18,33.69009898,-117.463133,1228,Sourh,200,Soil,10,CNF01,1N,Burned,Moderate,High,7,67,9,2,3.62,4,15.7,15.3,41,59,1.972666667
F100Holy1ET4,CNF1ET4,100,Holy,Lib1,T4,11/19/18,33.69009898,-117.463133,1228,Sourh,200,Soil,10,CNF01,1E,Burned,Moderate,Low,1,67,9,2,3.62,4,15.7,15.3,41,59,1.972666667
F101Holy1ST4,CNF1ST4,101,Holy,Lib1,T4,11/19/18,33.69009898,-117.463133,1228,Sourh,200,Soil,10,CNF01,1S,Burned,Moderate,High,7.5,67,9,2,3.62,4,15.7,15.3,41,59,1.972666667
F102HolyCNF1WT4,CNF1WT4,102,Holy,Lib2,T4,11/19/18,33.69009898,-117.463133,1228,Sourh,200,Soil,10,CNF01,1W,Burned,Moderate,High,4,67,9,2,3.62,4,15.7,15.3,41,59,1.972666667
F103HolyCNF2NT4,CNF2NT4,103,Holy,Lib2,T4,11/19/18,33.69537304,-117.471397,1260,Southwest,242,Soil,10,CNF02,2N,Burned,Moderate,High,6,67,9,2,3.62,4,15.7,15.3,41,59,1.972666667
F104HolyCNF2ET4,CNF2ET4,104,Holy,Lib2,T4,11/19/18,33.69537304,-117.471397,1260,Southwest,242,Soil,10,CNF02,2E,Burned,Moderate,High,4,67,9,2,3.62,4,15.7,15.3,41,59,1.972666667
F105HolyCNF2ST4,CNF2ST4,105,Holy,Lib2,T4,11/19/18,33.69537304,-117.471397,1260,Southwest,242,Soil,10,CNF02,2S,Burned,Moderate,High,6,67,9,2,3.62,4,15.7,15.3,41,59,1.972666667
F106HolyCNF2WT4,CNF2WT4,106,Holy,Lib2,T4,11/19/18,33.69537304,-117.471397,1260,Southwest,242,Soil,10,CNF02,2W,Burned,Moderate,High,6,67,9,2,3.62,4,15.7,15.3,41,59,1.972666667
F107HolyCNF3NT4,CNF3NT4,107,Holy,Lib2,T4,11/19/18,33.69325502,-117.466555,1237,Southwest,222,Soil,10,CNF03,3N,Burned,Moderate,High,4.5,67,9,2,3.62,4,15.7,15.3,41,59,1.972666667
F108HolyCNF3ET4,CNF3ET4,108,Holy,Lib2,T4,11/19/18,33.69325502,-117.466555,1237,Southwest,222,Soil,10,CNF03,3E,Burned,Moderate,High,4,67,9,2,3.62,4,15.7,15.3,41,59,1.972666667
F109HolyCNF3ST4,CNF3ST4,109,Holy,Lib2,T4,11/19/18,33.69325502,-117.466555,1237,Southwest,222,Soil,10,CNF03,3S,Burned,Moderate,Low,1.3,67,9,2,3.62,4,15.7,15.3,41,59,1.972666667
F110HolyCNF3WT4,CNF3WT4,110,Holy,Lib2,T4,11/19/18,33.69325502,-117.466555,1237,Southwest,222,Soil,10,CNF03,3W,Burned,Moderate,Moderate,2,67,9,2,3.62,4,15.7,15.3,41,59,1.972666667
F111HolyCNF4NT4,CNF4NT4,111,Holy,Lib2,T4,11/19/18,33.68456097,-117.457109,1260,Southeast,120,Soil,10,CNF04,4N,Burned,Moderate,Low,0.5,67,9,2,3.62,4,15.7,15.3,41,59,1.972666667
F112HolyCNF4ET4,CNF4ET4,112,Holy,Lib2,T4,11/19/18,33.68456097,-117.457109,1260,Southeast,120,Soil,10,CNF04,4E,Burned,Moderate,High,4.7,67,9,2,3.62,4,15.7,15.3,41,59,1.972666667
F113HolyCNF4ST4,CNF4ST4,113,Holy,Lib2,T4,11/19/18,33.68456097,-117.457109,1260,Southeast,120,Soil,10,CNF04,4S,Burned,Moderate,Moderate,2.5,67,9,2,3.62,4,15.7,15.3,41,59,1.972666667
F114HolyCNF4WT4,CNF4WT4,114,Holy,Lib2,T4,11/19/18,33.68456097,-117.457109,1260,Southeast,120,Soil,10,CNF04,4W,Burned,Moderate,Moderate,3,67,9,2,3.62,4,15.7,15.3,41,59,1.972666667
F115HolyCNF8NT4,CNF8NT4,115,Holy,Lib2,T4,11/19/18,33.66813001,-117.45604,1250,Southwest,221,Soil,10,CNF08,8N,Unburned,Unburned,Unburned,0,67,9,2,3.62,4,15.7,15.3,41,59,1.972666667
F116HolyCNF8ET4,CNF8ET4,116,Holy,Lib2,T4,11/19/18,33.66813001,-117.45604,1250,Southwest,221,Soil,10,CNF08,8E,Unburned,Unburned,Unburned,0,67,9,2,3.62,4,15.7,15.3,41,59,1.972666667
F117HolyCNF8ST4,CNF8ST4,117,Holy,Lib2,T4,11/19/18,33.66813001,-117.45604,1250,Southwest,221,Soil,10,CNF08,8S,Unburned,Unburned,Unburned,0,67,9,2,3.62,4,15.7,15.3,41,59,1.972666667
F118HolyCNF8WT4,CNF8WT4,118,Holy,Lib2,T4,11/19/18,33.66813001,-117.45604,1250,Southwest,221,Soil,10,CNF08,8W,Unburned,Unburned,Unburned,0,67,9,2,3.62,4,15.7,15.3,41,59,1.972666667
F119HolyCNF9NT4,CNF9NT4,119,Holy,Lib2,T4,11/19/18,33.66779901,-117.455492,1240,Southeast,-,Soil,10,CNF09,9N,Unburned,Unburned,Unburned,0,67,9,2,3.62,4,15.7,15.3,41,59,1.972666667
F120HolyCNF9ET4,CNF9ET4,120,Holy,Lib2,T4,11/19/18,33.66779901,-117.455492,1240,Southeast,-,Soil,10,CNF09,9E,Unburned,Unburned,Unburned,0,67,9,2,3.62,4,15.7,15.3,41,59,1.972666667
F121HolyCNF9ST4,CNF9ST4,121,Holy,Lib2,T4,11/19/18,33.66779901,-117.455492,1240,Southeast,-,Soil,10,CNF09,9S,Unburned,Unburned,Unburned,0,67,9,2,3.62,4,15.7,15.3,41,59,1.972666667
F123HolyCNF9WT4,CNF9WT4,123,Holy,Lib2,T4,11/19/18,33.66779901,-117.455492,1240,Southeast,-,Soil,10,CNF09,9W,Unburned,Unburned,Unburned,0,67,9,2,3.62,4,15.7,15.3,41,59,1.972666667
F124HolyCNF9NT3,CNF9NT3,124,Holy,Lib2,T3,10/17/18,33.66779901,-117.455492,1240,Southeast,-,Soil,10,CNF09,9N,Unburned,Unburned,Unburned,0,34,4.5,1,4.48,3.2,18.9,19,50,21,0.679677419
F125HolyCNF9ET3,CNF9ET3,125,Holy,Lib2,T3,10/17/18,33.66779901,-117.455492,1240,Southeast,-,Soil,10,CNF09,9E,Unburned,Unburned,Unburned,0,34,4.5,1,4.48,3.2,18.9,19,50,21,0.679677419
F126HolyCNF9ST3,CNF9ST3,126,Holy,Lib2,T3,10/17/18,33.66779901,-117.455492,1240,Southeast,-,Soil,10,CNF09,9S,Unburned,Unburned,Unburned,0,34,4.5,1,4.48,3.2,18.9,19,50,21,0.679677419
F127HolyCNF9WT3,CNF9WT3,127,Holy,Lib2,T3,10/17/18,33.66779901,-117.455492,1240,Southeast,-,Soil,10,CNF09,9W,Unburned,Unburned,Unburned,0,34,4.5,1,4.48,3.2,18.9,19,50,21,0.679677419
F128HolyCNF8NT3,CNF8NT3,128,Holy,Lib2,T3,10/17/18,33.66813001,-117.45604,1250,Southwest,221,Soil,10,CNF08,8N,Unburned,Unburned,Unburned,0,34,4.5,1,4.48,3.2,18.9,19,50,21,0.679677419
F129HolyCNF8ET3,CNF8ET3,129,Holy,Lib2,T3,10/17/18,33.66813001,-117.45604,1250,Southwest,221,Soil,10,CNF08,8E,Unburned,Unburned,Unburned,0,34,4.5,1,4.48,3.2,18.9,19,50,21,0.679677419
F130HolyCNF8ST3,CNF8ST3,130,Holy,Lib2,T3,10/17/18,33.66813001,-117.45604,1250,Southwest,221,Soil,10,CNF08,8S,Unburned,Unburned,Unburned,0,34,4.5,1,4.48,3.2,18.9,19,50,21,0.679677419
F131HolyCNF8WT3,CNF8WT3,131,Holy,Lib2,T3,10/17/18,33.66813001,-117.45604,1250,Southwest,221,Soil,10,CNF08,8W,Unburned,Unburned,Unburned,0,34,4.5,1,4.48,3.2,18.9,19,50,21,0.679677419
F132HolyCNF7NT3,CNF7NT3,132,Holy,Lib2,T3,10/17/18,33.67135101,-117.458591,1283,Southwest,232,Soil,10,CNF07,7N,Unburned,Unburned,Unburned,0,34,4.5,1,4.48,3.2,18.9,19,50,21,0.679677419
F133HolyCNF7ET3,CNF7ET3,133,Holy,Lib2,T3,10/17/18,33.67135101,-117.458591,1283,Southwest,232,Soil,10,CNF07,7E,Unburned,Unburned,Unburned,0,34,4.5,1,4.48,3.2,18.9,19,50,21,0.679677419
F134HolyCNF7ST3,CNF7ST3,134,Holy,Lib2,T3,10/17/18,33.67135101,-117.458591,1283,Southwest,232,Soil,10,CNF07,7S,Unburned,Unburned,Unburned,0,34,4.5,1,4.48,3.2,18.9,19,50,21,0.679677419
F135HolyCNF7WT3,CNF7WT3,135,Holy,Lib2,T3,10/17/18,33.67135101,-117.458591,1283,Southwest,232,Soil,10,CNF07,7W,Unburned,Unburned,Unburned,0,34,4.5,1,4.48,3.2,18.9,19,50,21,0.679677419
F136HolyCNF6NT3,CNF6NT3,136,Holy,Lib2,T3,10/17/18,33.67167497,-117.458871,1285,Southwest,212,Soil,10,CNF06,6N,Burned,Moderate,Moderate,1.9,34,4.5,1,4.48,3.2,18.9,19,50,21,0.679677419
F137HolyCNF6ET3,CNF6ET3,137,Holy,Lib2,T3,10/17/18,33.67167497,-117.458871,1285,Southwest,212,Soil,10,CNF06,6E,Burned,Moderate,High,11.8,34,4.5,1,4.48,3.2,18.9,19,50,21,0.679677419
F138HolyCNF6WT3,CNF6WT3,138,Holy,Lib2,T3,10/17/18,33.67167497,-117.458871,1285,Southwest,212,Soil,10,CNF06,6W,Burned,Moderate,Moderate,2,34,4.5,1,4.48,3.2,18.9,19,50,21,0.679677419
F139HolyCNF6ST3,CNF6ST3,139,Holy,Lib2,T3,10/17/18,33.67167497,-117.458871,1285,Southwest,212,Soil,10,CNF06,6S,Burned,Moderate,High,5.5,34,4.5,1,4.48,3.2,18.9,19,50,21,0.679677419
F140HolyCNF4ET3,CNF4ET3,140,Holy,Lib2,T3,10/17/18,33.68456097,-117.457109,1260,Southeast,120,Soil,10,CNF04,4E,Burned,Moderate,High,4.7,34,4.5,1,4.48,3.2,18.9,19,50,21,0.679677419
F141HolyCNF4ST3,CNF4ST3,141,Holy,Lib2,T3,10/17/18,33.68456097,-117.457109,1260,Southeast,120,Soil,10,CNF04,4S,Burned,Moderate,Moderate,2.5,34,4.5,1,4.48,3.2,18.9,19,50,21,0.679677419
F142HolyCNF4WT3,CNF4WT3,142,Holy,Lib2,T3,10/17/18,33.68456097,-117.457109,1260,Southeast,120,Soil,10,CNF04,4W,Burned,Moderate,Moderate,3,34,4.5,1,4.48,3.2,18.9,19,50,21,0.679677419
F143HolyCNF4NT3,CNF4NT3,143,Holy,Lib2,T3,10/17/18,33.68456097,-117.457109,1260,Southeast,120,Soil,10,CNF04,4N,Burned,Moderate,Low,0.5,34,4.5,1,4.48,3.2,18.9,19,50,21,0.679677419
F144HolyCNF3ST3,CNF3ST3,144,Holy,Lib2,T3,10/17/18,33.69325502,-117.466555,1237,Southwest,222,Soil,10,CNF03,3S,Burned,Moderate,Low,1.3,34,4.5,1,4.48,3.2,18.9,19,50,21,0.679677419
F145HolyCNF3NT3,CNF3NT3,145,Holy,Lib2,T3,10/17/18,33.69325502,-117.466555,1237,Southwest,222,Soil,10,CNF03,3N,Burned,Moderate,High,4.5,34,4.5,1,4.48,3.2,18.9,19,50,21,0.679677419
F147HolyCNF3ET3,CNF3ET3,147,Holy,Lib2,T3,10/17/18,33.69325502,-117.466555,1237,Southwest,222,Soil,10,CNF03,3E,Burned,Moderate,High,4,34,4.5,1,4.48,3.2,18.9,19,50,21,0.679677419
F148HolyCNF3WT3,CNF3WT3,148,Holy,Lib2,T3,10/17/18,33.69325502,-117.466555,1237,Southwest,222,Soil,10,CNF03,3W,Burned,Moderate,Moderate,2,34,4.5,1,4.48,3.2,18.9,19,50,21,0.679677419
F149HolyCNF2NT3,CNF2NT3,149,Holy,Lib2,T3,10/17/18,33.69537304,-117.471397,1260,Southwest,242,Soil,10,CNF02,2N,Burned,Moderate,High,6,34,4.5,1,4.48,3.2,18.9,19,50,21,0.679677419
F150HolyCNF2ET3,CNF2ET3,150,Holy,Lib2,T3,10/17/18,33.69537304,-117.471397,1260,Southwest,242,Soil,10,CNF02,2E,Burned,Moderate,High,4,34,4.5,1,4.48,3.2,18.9,19,50,21,0.679677419
F151HolyCNF2ST3,CNF2ST3,151,Holy,Lib2,T3,10/17/18,33.69537304,-117.471397,1260,Southwest,242,Soil,10,CNF02,2S,Burned,Moderate,High,6,34,4.5,1,4.48,3.2,18.9,19,50,21,0.679677419
F152HolyCNF2WT3,CNF2WT3,152,Holy,Lib2,T3,10/17/18,33.69537304,-117.471397,1260,Southwest,242,Soil,10,CNF02,2W,Burned,Moderate,High,6,34,4.5,1,4.48,3.2,18.9,19,50,21,0.679677419
F153HolyCNF1NT3,CNF1NT3,153,Holy,Lib2,T3,10/17/18,33.69009898,-117.463133,1228,Sourh,200,Soil,10,CNF01,1N,Burned,Moderate,High,7,34,4.5,1,4.48,3.2,18.9,19,50,21,0.679677419
F154HolyCNF1ET3,CNF1ET3,154,Holy,Lib2,T3,10/17/18,33.69009898,-117.463133,1228,Sourh,200,Soil,10,CNF01,1E,Burned,Moderate,Low,1,34,4.5,1,4.48,3.2,18.9,19,50,21,0.679677419
F155HolyCNF1ST3,CNF1ST3,155,Holy,Lib2,T3,10/17/18,33.69009898,-117.463133,1228,Sourh,200,Soil,10,CNF01,1S,Burned,Moderate,High,7.5,34,4.5,1,4.48,3.2,18.9,19,50,21,0.679677419
F156HolyCNF1WT3,CNF1WT3,156,Holy,Lib2,T3,10/17/18,33.69009898,-117.463133,1228,Sourh,200,Soil,10,CNF01,1W,Burned,Moderate,High,4,34,4.5,1,4.48,3.2,18.9,19,50,21,0.679677419
F157HolyCNF1NT2,CNF1NT2,157,Holy,Lib2,T2,10/8/18,33.69009898,-117.463133,1228,Sourh,200,Soil,10,CNF01,1N,Burned,Moderate,High,7,25,3,0.8,4.48,3.2,18.9,19,50,21,0.679677419
F158HolyCNF1ET2,CNF1ET2,158,Holy,Lib2,T2,10/8/18,33.69009898,-117.463133,1228,Sourh,200,Soil,10,CNF01,1E,Burned,Moderate,Low,1,25,3,0.8,4.48,3.2,18.9,19,50,21,0.679677419
F159HolyCNF1ST2,CNF1ST2,159,Holy,Lib2,T2,10/8/18,33.69009898,-117.463133,1228,Sourh,200,Soil,10,CNF01,1S,Burned,Moderate,High,7.5,25,3,0.8,4.48,3.2,18.9,19,50,21,0.679677419
F160HolyCNF2NT2,CNF2NT2,160,Holy,Lib2,T2,10/8/18,33.69537304,-117.471397,1260,Southwest,242,Soil,10,CNF02,2N,Burned,Moderate,High,6,25,3,0.8,4.48,3.2,18.9,19,50,21,0.679677419
F161HolyCNF2ET2,CNF2ET2,161,Holy,Lib2,T2,10/8/18,33.69537304,-117.471397,1260,Southwest,242,Soil,10,CNF02,2E,Burned,Moderate,High,4,25,3,0.8,4.48,3.2,18.9,19,50,21,0.679677419
F162HolyCNF2ST2,CNF2ST2,162,Holy,Lib2,T2,10/8/18,33.69537304,-117.471397,1260,Southwest,242,Soil,10,CNF02,2S,Burned,Moderate,High,6,25,3,0.8,4.48,3.2,18.9,19,50,21,0.679677419
F164HolyCNF3NT2,CNF3NT2,164,Holy,Lib2,T2,10/8/18,33.69325502,-117.466555,1237,Southwest,222,Soil,10,CNF03,3N,Burned,Moderate,High,4.5,25,3,0.8,4.48,3.2,18.9,19,50,21,0.679677419
F166HolyCNF3ST2,CNF3ST2,166,Holy,Lib2,T2,10/8/18,33.69325502,-117.466555,1237,Southwest,222,Soil,10,CNF03,3S,Burned,Moderate,Low,1.3,25,3,0.8,4.48,3.2,18.9,19,50,21,0.679677419
F167HolyCNF3WT2,CNF3WT2,167,Holy,Lib2,T2,10/8/18,33.69325502,-117.466555,1237,Southwest,222,Soil,10,CNF03,3W,Burned,Moderate,Moderate,2,25,3,0.8,4.48,3.2,18.9,19,50,21,0.679677419
F168HolyCNF4NT2,CNF4NT2,168,Holy,Lib2,T2,10/8/18,33.68456097,-117.457109,1260,Southeast,120,Soil,10,CNF04,4N,Burned,Moderate,Low,0.5,25,3,0.8,4.48,3.2,18.9,19,50,21,0.679677419
F169HolyCNF4ET2,CNF4ET2,169,Holy,Lib2,T2,10/8/18,33.68456097,-117.457109,1260,Southeast,120,Soil,10,CNF04,4E,Burned,Moderate,High,4.7,25,3,0.8,4.48,3.2,18.9,19,50,21,0.679677419
F171HolyCNF4ST2,CNF4ST2,171,Holy,Lib2,T2,10/8/18,33.68456097,-117.457109,1260,Southeast,120,Soil,10,CNF04,4S,Burned,Moderate,Moderate,2.5,25,3,0.8,4.48,3.2,18.9,19,50,21,0.679677419
F172HolyCNF4WT2,CNF4WT2,172,Holy,Lib2,T2,10/8/18,33.68456097,-117.457109,1260,Southeast,120,Soil,10,CNF04,4W,Burned,Moderate,Moderate,3,25,3,0.8,4.48,3.2,18.9,19,50,21,0.679677419
F173HolyCNF6NT2,CNF6NT2,173,Holy,Lib2,T2,10/8/18,33.67167497,-117.458871,1285,Southwest,212,Soil,10,CNF06,6N,Burned,Moderate,Moderate,1.9,25,3,0.8,4.48,3.2,18.9,19,50,21,0.679677419
F174HolyCNF6ET2,CNF6ET2,174,Holy,Lib2,T2,10/8/18,33.67167497,-117.458871,1285,Southwest,212,Soil,10,CNF06,6E,Burned,Moderate,High,11.8,25,3,0.8,4.48,3.2,18.9,19,50,21,0.679677419
F175HolyCNF6ST2,CNF6ST2,175,Holy,Lib2,T2,10/8/18,33.67167497,-117.458871,1285,Southwest,212,Soil,10,CNF06,6S,Burned,Moderate,High,5.5,25,3,0.8,4.48,3.2,18.9,19,50,21,0.679677419
F176HolyCNF6WT2,CNF6WT2,176,Holy,Lib2,T2,10/8/18,33.67167497,-117.458871,1285,Southwest,212,Soil,10,CNF06,6W,Burned,Moderate,Moderate,2,25,3,0.8,4.48,3.2,18.9,19,50,21,0.679677419
F177HolyCNF7NT2,CNF7NT2,177,Holy,Lib2,T2,10/8/18,33.67135101,-117.458591,1283,Southwest,232,Soil,10,CNF07,7N,Unburned,Unburned,Unburned,0,25,3,0.8,4.48,3.2,18.9,19,50,21,0.679677419
F178HolyCNF7ET2,CNF7ET2,178,Holy,Lib2,T2,10/8/18,33.67135101,-117.458591,1283,Southwest,232,Soil,10,CNF07,7E,Unburned,Unburned,Unburned,0,25,3,0.8,4.48,3.2,18.9,19,50,21,0.679677419
F179HolyCNF7ST2,CNF7ST2,179,Holy,Lib2,T2,10/8/18,33.67135101,-117.458591,1283,Southwest,232,Soil,10,CNF07,7S,Unburned,Unburned,Unburned,0,25,3,0.8,4.48,3.2,18.9,19,50,21,0.679677419
F180HolyCNF7WT2,CNF7WT2,180,Holy,Lib2,T2,10/8/18,33.67135101,-117.458591,1283,Southwest,232,Soil,10,CNF07,7W,Unburned,Unburned,Unburned,0,25,3,0.8,4.48,3.2,18.9,19,50,21,0.679677419
F181HolyCNF8NT2,CNF8NT2,181,Holy,Lib2,T2,10/8/18,33.66813001,-117.45604,1250,Southwest,221,Soil,10,CNF08,8N,Unburned,Unburned,Unburned,0,25,3,0.8,4.48,3.2,18.9,19,50,21,0.679677419
F182HolyCNF8ET2,CNF8ET2,182,Holy,Lib2,T2,10/8/18,33.66813001,-117.45604,1250,Southwest,221,Soil,10,CNF08,8E,Unburned,Unburned,Unburned,0,25,3,0.8,4.48,3.2,18.9,19,50,21,0.679677419
F183HolyCNF8ST2,CNF8ST2,183,Holy,Lib2,T2,10/8/18,33.66813001,-117.45604,1250,Southwest,221,Soil,10,CNF08,8S,Unburned,Unburned,Unburned,0,25,3,0.8,4.48,3.2,18.9,19,50,21,0.679677419
F184HolyCNF8WT2,CNF8WT2,184,Holy,Lib2,T2,10/8/18,33.66813001,-117.45604,1250,Southwest,221,Soil,10,CNF08,8W,Unburned,Unburned,Unburned,0,25,3,0.8,4.48,3.2,18.9,19,50,21,0.679677419
F185HolyCNF9NT2,CNF9NT2,185,Holy,Lib2,T2,10/8/18,33.66779901,-117.455492,1240,Southeast,-,Soil,10,CNF09,9N,Unburned,Unburned,Unburned,0,25,3,0.8,4.48,3.2,18.9,19,50,21,0.679677419
F187HolyCNF9ET2,CNF9ET2,187,Holy,Lib2,T2,10/8/18,33.66779901,-117.455492,1240,Southeast,-,Soil,10,CNF09,9E,Unburned,Unburned,Unburned,0,25,3,0.8,4.48,3.2,18.9,19,50,21,0.679677419
F188HolyCNF9ST2,CNF9ST2,188,Holy,Lib2,T2,10/8/18,33.66779901,-117.455492,1240,Southeast,-,Soil,10,CNF09,9S,Unburned,Unburned,Unburned,0,25,3,0.8,4.48,3.2,18.9,19,50,21,0.679677419
F189HolyCNF9WT2,CNF9WT2,189,Holy,Lib2,T2,10/8/18,33.66779901,-117.455492,1240,Southeast,-,Soil,10,CNF09,9W,Unburned,Unburned,Unburned,0,25,3,0.8,4.48,3.2,18.9,19,50,21,0.679677419
F190HolyCNF8NT1,CNF8NT1,190,Holy,Lib2,T1,9/30/18,33.66813001,-117.45604,1250,Southwest,221,Soil,10,CNF08,8N,Unburned,Unburned,Unburned,0,17,2,0.5,24.2125,6.5,71.6,75.2,63,0,0
F191HolyCNF8ET1,CNF8ET1,191,Holy,Lib2,T1,9/30/18,33.66813001,-117.45604,1250,Southwest,221,Soil,10,CNF08,8E,Unburned,Unburned,Unburned,0,17,2,0.5,24.2125,6.5,71.6,75.2,63,0,0
F192HolyCNF8ST1,CNF8ST1,192,Holy,Lib2,T1,9/30/18,33.66813001,-117.45604,1250,Southwest,221,Soil,10,CNF08,8S,Unburned,Unburned,Unburned,0,17,2,0.5,24.2125,6.5,71.6,75.2,63,0,0
F193HolyCNF8WT1,CNF8WT1,193,Holy,Lib2,T1,9/30/18,33.66813001,-117.45604,1250,Southwest,221,Soil,10,CNF08,8W,Unburned,Unburned,Unburned,0,17,2,0.5,24.2125,6.5,71.6,75.2,63,0,0
F194HolyCNF7_NT1,CNF7NT1,194,Holy,Lib2,T1,9/30/18,33.67135101,-117.458591,1283,Southwest,232,Soil,10,CNF07,7N,Unburned,Unburned,Unburned,0,17,2,0.5,24.2125,6.5,71.6,75.2,63,0,0
F195HolyCNF7ET1,CNF7ET1,195,Holy,Lib2,T1,9/30/18,33.67135101,-117.458591,1283,Southwest,232,Soil,10,CNF07,7E,Unburned,Unburned,Unburned,0,17,2,0.5,24.2125,6.5,71.6,75.2,63,0,0
F196HolyCNF7ST1,CNF7ST1,196,Holy,Lib2,T1,9/30/18,33.67135101,-117.458591,1283,Southwest,232,Soil,10,CNF07,7S,Unburned,Unburned,Unburned,0,17,2,0.5,24.2125,6.5,71.6,75.2,63,0,0
F197HolyCNF7WT1,CNF7WT1,97,Holy,Lib2,T1,9/30/18,33.67135101,-117.458591,1283,Southwest,232,Soil,10,CNF07,7W,Unburned,Unburned,Unburned,0,17,2,0.5,24.2125,6.5,71.6,75.2,63,0,0
F198HolyCNF6NT1,CNF6NT1,198,Holy,Lib2,T1,9/30/18,33.67167497,-117.458871,1285,Southwest,212,Soil,10,CNF06,6N,Burned,Moderate,Moderate,1.9,17,2,0.5,24.2125,6.5,71.6,75.2,63,0,0
F199HolyCNF6ET1,CNF6ET1,199,Holy,Lib2,T1,9/30/18,33.67167497,-117.458871,1285,Southwest,212,Soil,10,CNF06,6E,Burned,Moderate,High,11.8,17,2,0.5,24.2125,6.5,71.6,75.2,63,0,0
F200HolyCNF6ST1,CNF6ST1,200,Holy,Lib2,T1,9/30/18,33.67167497,-117.458871,1285,Southwest,212,Soil,10,CNF06,6S,Burned,Moderate,High,5.5,17,2,0.5,24.2125,6.5,71.6,75.2,63,0,0
F201HolyCNF6WT1,CNF6WT1,201,Holy,Lib2,T1,9/30/18,33.67167497,-117.458871,1285,Southwest,212,Soil,10,CNF06,6W,Burned,Moderate,Moderate,2,17,2,0.5,24.2125,6.5,71.6,75.2,63,0,0
F202HolyCNF4NT1,CNF4NT1,202,Holy,Lib2,T1,9/30/18,33.68456097,-117.457109,1260,Southeast,120,Soil,10,CNF04,4N,Burned,Moderate,Low,0.5,17,2,0.5,24.2125,6.5,71.6,75.2,63,0,0
F203HolyCNF4ET1,CNF4ET1,203,Holy,Lib2,T1,9/30/18,33.68456097,-117.457109,1260,Southeast,120,Soil,10,CNF04,4E,Burned,Moderate,High,4.7,17,2,0.5,24.2125,6.5,71.6,75.2,63,0,0
F204HolyCNF4ST1,CNF4ST1,204,Holy,Lib2,T1,9/30/18,33.68456097,-117.457109,1260,Southeast,120,Soil,10,CNF04,4S,Burned,Moderate,Moderate,2.5,17,2,0.5,24.2125,6.5,71.6,75.2,63,0,0
F205HolyCNF4WT1,CNF4WT1,205,Holy,Lib2,T1,9/30/18,33.68456097,-117.457109,1260,Southeast,120,Soil,10,CNF04,4W,Burned,Moderate,Moderate,3,17,2,0.5,24.2125,6.5,71.6,75.2,63,0,0
F207HolyCNF3NT1,CNF3NT1,207,Holy,Lib2,T1,9/30/18,33.69325502,-117.466555,1237,Southwest,222,Soil,10,CNF03,3N,Burned,Moderate,High,4.5,17,2,0.5,24.2125,6.5,71.6,75.2,63,0,0
F209HolyCNF3ST1,CNF3ST1,209,Holy,Lib2,T1,9/30/18,33.69325502,-117.466555,1237,Southwest,222,Soil,10,CNF03,3S,Burned,Moderate,Low,1.3,17,2,0.5,24.2125,6.5,71.6,75.2,63,0,0
F210HolyCNF3WT1,CNF3WT1,210,Holy,Lib2,T1,9/30/18,33.69325502,-117.466555,1237,Southwest,222,Soil,10,CNF03,3W,Burned,Moderate,Moderate,2,17,2,0.5,24.2125,6.5,71.6,75.2,63,0,0
F211HolyCNF2NT1,CNF2NT1,211,Holy,Lib2,T1,9/30/18,33.69537304,-117.471397,1260,Southwest,242,Soil,10,CNF02,2N,Burned,Moderate,High,6,17,2,0.5,24.2125,6.5,71.6,75.2,63,0,0
F213HolyCNF2ST1,CNF2ST1,213,Holy,Lib2,T1,9/30/18,33.69537304,-117.471397,1260,Southwest,242,Soil,10,CNF02,2S,Burned,Moderate,High,6,17,2,0.5,24.2125,6.5,71.6,75.2,63,0,0
F214HolyCNF2WT1,CNF2WT1,214,Holy,Lib2,T1,9/30/18,33.69537304,-117.471397,1260,Southwest,242,Soil,10,CNF02,2W,Burned,Moderate,High,6,17,2,0.5,24.2125,6.5,71.6,75.2,63,0,0
F215HolyCNF1NT1,CNF1NT1,215,Holy,Lib2,T1,9/30/18,33.69009898,-117.463133,1228,Sourh,200,Soil,10,CNF01,1N,Burned,Moderate,High,7,17,2,0.5,24.2125,6.5,71.6,75.2,63,0,0
F216HolyCNF1ET1,CNF1ET1,216,Holy,Lib2,T1,9/30/18,33.69009898,-117.463133,1228,Sourh,200,Soil,10,CNF01,1E,Burned,Moderate,Low,1,17,2,0.5,24.2125,6.5,71.6,75.2,63,0,0
F217HolyCNF1ST1,CNF1ST1,217,Holy,Lib2,T1,9/30/18,33.69009898,-117.463133,1228,Sourh,200,Soil,10,CNF01,1S,Burned,Moderate,High,7.5,17,2,0.5,24.2125,6.5,71.6,75.2,63,0,0
F218HolyCNF1WT1,CNF1WT1,218,Holy,Lib2,T1,9/30/18,33.69009898,-117.463133,1228,Sourh,200,Soil,10,CNF01,1W,Burned,Moderate,High,4,17,2,0.5,24.2125,6.5,71.6,75.2,63,0,0
F219HolyCNF9NT7,CNF9NT7,219,Holy,Lib2,T7,3/19/18,33.66779901,-117.455492,1240,Southeast,-,Soil,10,CNF09,9N,Unburned,Unburned,Unburned,0,187,25,6,4.88,3.9,11.4,12.1,69,77,2.482258065
F220HolyCNF9ET7,CNF9ET7,220,Holy,Lib2,T7,3/19/18,33.66779901,-117.455492,1240,Southeast,-,Soil,10,CNF09,9E,Unburned,Unburned,Unburned,0,187,25,6,4.88,3.9,11.4,12.1,69,77,2.482258065
F221HolyCNF9ST7,CNF9ST7,221,Holy,Lib2,T7,3/19/18,33.66779901,-117.455492,1240,Southeast,-,Soil,10,CNF09,9S,Unburned,Unburned,Unburned,0,187,25,6,4.88,3.9,11.4,12.1,69,77,2.482258065
F222HolyCNF9WT7,CNF9WT7,222,Holy,Lib2,T7,3/19/18,33.66779901,-117.455492,1240,Southeast,-,Soil,10,CNF09,9W,Unburned,Unburned,Unburned,0,187,25,6,4.88,3.9,11.4,12.1,69,77,2.482258065
F223HolyCNF8NT7,CNF8NT7,223,Holy,Lib2,T7,3/19/18,33.66813001,-117.45604,1250,Southwest,221,Soil,10,CNF08,8N,Unburned,Unburned,Unburned,0,187,25,6,4.88,3.9,11.4,12.1,69,77,2.482258065
F224HolyCNF8ET7,CNF8ET7,334,Holy,Lib2,T7,3/19/18,33.66813001,-117.45604,1250,Southwest,221,Soil,10,CNF08,8E,Unburned,Unburned,Unburned,0,187,25,6,4.88,3.9,11.4,12.1,69,77,2.482258065
F225HolyCNF8ST7,CNF8ST7,225,Holy,Lib2,T7,3/19/18,33.66813001,-117.45604,1250,Southwest,221,Soil,10,CNF08,8S,Unburned,Unburned,Unburned,0,187,25,6,4.88,3.9,11.4,12.1,69,77,2.482258065
F226HolyCNF8WT7,CNF8WT7,226,Holy,Lib2,T7,3/19/18,33.66813001,-117.45604,1250,Southwest,221,Soil,10,CNF08,8W,Unburned,Unburned,Unburned,0,187,25,6,4.88,3.9,11.4,12.1,69,77,2.482258065
F227HolyCNF7NT7,CNF7NT7,227,Holy,Lib3,T7,3/19/18,33.67135101,-117.458591,1283,Southwest,232,Soil,10,CNF07,7N,Unburned,Unburned,Unburned,0,187,25,6,4.88,3.9,11.4,12.1,69,77,2.482258065
F163HolyCNF2bWT2,CNF2WT2,163,Holy,Lib2,T2,10/8/18,33.69537304,-117.471397,1260,Southwest,242,Soil,10,CNF02,2W,Burned,Moderate,High,6,25,3,0.8,4.48,3.2,18.9,19,50,21,0.679677419
F165HolyCNF3bET2,CNF3ET2,165,Holy,Lib2,T2,10/8/18,33.69325502,-117.466555,1237,Southwest,222,Soil,10,CNF03,3E,Burned,Moderate,High,4,25,3,0.8,4.48,3.2,18.9,19,50,21,0.679677419
F208HolyCNF3bET1,CNF03ETP1,208,Holy,Lib2,T1,9/30/18,33.69325502,-117.466555,1237,Southwest,222,Soil,10,CNF03,3,Burned,Moderate,High,4,17,2,0.5,24.2125,6.5,71.6,75.2,63,0,0
F212HolyCNF2bET1,CNF02ETP1,212,Holy,Lib3,T1,9/30/18,33.69537304,-117.471397,1260,Southwest,242,Soil,10,CNF02,2,Burned,Moderate,High,4,17,2,0.5,24.2125,6.5,71.6,75.2,63,0,0
F228HolyCNF7ET7,CNF7ET7,228,Holy,Lib3,T7,3/19/18,33.67135101,-117.458591,1283,Southwest,232,Soil,10,CNF07,7E,Unburned,Unburned,Unburned,0,187,25,6,4.88,3.9,11.4,12.1,69,77,2.482258065
F229HolyCNF7ST7,CNF7ST7,229,Holy,Lib3,T7,3/19/18,33.67135101,-117.458591,1283,Southwest,232,Soil,10,CNF07,7S,Unburned,Unburned,Unburned,0,187,25,6,4.88,3.9,11.4,12.1,69,77,2.482258065
F230HolyCNF7WT7,CNF7WT7,230,Holy,Lib3,T7,3/19/18,33.67135101,-117.458591,1283,Southwest,232,Soil,10,CNF07,7W,Unburned,Unburned,Unburned,0,187,25,6,4.88,3.9,11.4,12.1,69,77,2.482258065
F231HolyCNF6NT7,CNF6NT7,231,Holy,Lib3,T7,3/19/18,33.67167497,-117.458871,1285,Southwest,212,Soil,10,CNF06,6N,Burned,Moderate,Moderate,1.9,187,25,6,4.88,3.9,11.4,12.1,69,77,2.482258065
F232HolyCNF6ET7,CNF6ET7,232,Holy,Lib3,T7,3/19/18,33.67167497,-117.458871,1285,Southwest,212,Soil,10,CNF06,6E,Burned,Moderate,High,11.8,187,25,6,4.88,3.9,11.4,12.1,69,77,2.482258065
F233HolyCNF6ST7,CNF6ST7,233,Holy,Lib3,T7,3/19/18,33.67167497,-117.458871,1285,Southwest,212,Soil,10,CNF06,6S,Burned,Moderate,High,5.5,187,25,6,4.88,3.9,11.4,12.1,69,77,2.482258065
F234HolyCNF6WT7,CNF6WT7,234,Holy,Lib3,T7,3/19/18,33.67167497,-117.458871,1285,Southwest,212,Soil,10,CNF06,6W,Burned,Moderate,Moderate,2,187,25,6,4.88,3.9,11.4,12.1,69,77,2.482258065
F235HolyCNF5WT7,CNF5WT7,235,Holy,Lib3,T7,3/19/18,33.67808503,-117.457193,1195,West,260,Soil,10,CNF05,5W,Burned,Moderate,High,7.8,187,25,6,4.88,3.9,11.4,12.1,69,77,2.482258065
F236HolyCNF5ST7,CNF5ST7,236,Holy,Lib3,T7,3/19/18,33.67808503,-117.457193,1195,West,260,Soil,10,CNF05,5S,Burned,Moderate,High,8.3,187,25,6,4.88,3.9,11.4,12.1,69,77,2.482258065
F238HolyCNF5NT7,CNF5NT7,238,Holy,Lib3,T7,3/19/18,33.67808503,-117.457193,1195,West,260,Soil,10,CNF05,5N,Burned,Moderate,High,5.5,187,25,6,4.88,3.9,11.4,12.1,69,77,2.482258065
F239HolyCNF5ET7,CNF5ET7,239,Holy,Lib3,T7,3/19/18,33.67808503,-117.457193,1195,West,260,Soil,10,CNF05,5E,Burned,Moderate,High,4.5,187,25,6,4.88,3.9,11.4,12.1,69,77,2.482258065
F240HolyCNF4NT7,CNF4NT7,240,Holy,Lib3,T7,3/19/18,33.68456097,-117.457109,1260,Southeast,120,Soil,10,CNF04,4N,Burned,Moderate,Low,0.5,187,25,6,4.88,3.9,11.4,12.1,69,77,2.482258065
F241HolyCNF4ET7,CNF4ET7,241,Holy,Lib3,T7,3/19/18,33.68456097,-117.457109,1260,Southeast,120,Soil,10,CNF04,4E,Burned,Moderate,High,4.7,187,25,6,4.88,3.9,11.4,12.1,69,77,2.482258065
F242HolyCNF4ST7,CNF4ST7,242,Holy,Lib3,T7,3/19/18,33.68456097,-117.457109,1260,Southeast,120,Soil,10,CNF04,4S,Burned,Moderate,Moderate,2.5,187,25,6,4.88,3.9,11.4,12.1,69,77,2.482258065
F243HolyCNF4WT7,CNF4WT7,243,Holy,Lib3,T7,3/19/18,33.68456097,-117.457109,1260,Southeast,120,Soil,10,CNF04,4W,Burned,Moderate,Moderate,3,187,25,6,4.88,3.9,11.4,12.1,69,77,2.482258065
F244HolyCNF3NT7,CNF3NT7,244,Holy,Lib3,T7,3/19/18,33.69325502,-117.466555,1237,Southwest,222,Soil,10,CNF03,3N,Burned,Moderate,High,4.5,187,25,6,4.88,3.9,11.4,12.1,69,77,2.482258065
F245HolyCNF3ET7,CNF3ET7,245,Holy,Lib3,T7,3/19/18,33.69325502,-117.466555,1237,Southwest,222,Soil,10,CNF03,3E,Burned,Moderate,High,4,187,25,6,4.88,3.9,11.4,12.1,69,77,2.482258065
F246HolyCNF3ST7,CNF3ST7,246,Holy,Lib3,T7,3/19/18,33.69325502,-117.466555,1237,Southwest,222,Soil,10,CNF03,3S,Burned,Moderate,Low,1.3,187,25,6,4.88,3.9,11.4,12.1,69,77,2.482258065
F247HolyCNF3WT7,CNF3WT7,247,Holy,Lib3,T7,3/19/18,33.69325502,-117.466555,1237,Southwest,222,Soil,10,CNF03,3W,Burned,Moderate,Moderate,2,187,25,6,4.88,3.9,11.4,12.1,69,77,2.482258065
F248HolyCNF2NT7,CNF2NT7,248,Holy,Lib3,T7,3/19/18,33.69537304,-117.471397,1260,Southwest,242,Soil,10,CNF02,2N,Burned,Moderate,High,6,187,25,6,4.88,3.9,11.4,12.1,69,77,2.482258065
F249HolyCNF2ET7,CNF2ET7,249,Holy,Lib3,T7,3/19/18,33.69537304,-117.471397,1260,Southwest,242,Soil,10,CNF02,2E,Burned,Moderate,High,4,187,25,6,4.88,3.9,11.4,12.1,69,77,2.482258065
F250HolyCNF2ST7,CNF2ST7,250,Holy,Lib3,T7,3/19/18,33.69537304,-117.471397,1260,Southwest,242,Soil,10,CNF02,2S,Burned,Moderate,High,6,187,25,6,4.88,3.9,11.4,12.1,69,77,2.482258065
F251HolyCNF2WT7,CNF2WT7,251,Holy,Lib3,T7,3/19/18,33.69537304,-117.471397,1260,Southwest,242,Soil,10,CNF02,2W,Burned,Moderate,High,6,187,25,6,4.88,3.9,11.4,12.1,69,77,2.482258065
F252HolyCNF1NT7,CNF1NT7,252,Holy,Lib3,T7,3/19/18,33.69009898,-117.463133,1228,Sourh,200,Soil,10,CNF01,1N,Burned,Moderate,High,7,187,25,6,4.88,3.9,11.4,12.1,69,77,2.482258065
F253HolyCNF1ET7,CNF1ET7,253,Holy,Lib3,T7,3/19/18,33.69009898,-117.463133,1228,Sourh,200,Soil,10,CNF01,1E,Burned,Moderate,Low,1,187,25,6,4.88,3.9,11.4,12.1,69,77,2.482258065
F254HolyCNF1ST7,CNF1ST7,254,Holy,Lib3,T7,3/19/18,33.69009898,-117.463133,1228,Sourh,200,Soil,10,CNF01,1S,Burned,Moderate,High,7.5,187,25,6,4.88,3.9,11.4,12.1,69,77,2.482258065
F255HolyCNF1WT7,CNF1WT7,255,Holy,Lib3,T7,3/19/18,33.69009898,-117.463133,1228,Sourh,200,Soil,10,CNF01,1W,Burned,Moderate,High,4,187,25,6,4.88,3.9,11.4,12.1,69,77,2.482258065
F257HolyCNF1NT8,CNF1NT8,257,Holy,Lib3,T8,6/26/19,33.69009898,-117.463133,1228,Sourh,200,Soil,10,CNF01,1N,Burned,Moderate,High,7,286,39,9,7.46,2.9,19,22.4,72,2,0.075
F258HolyCNF1ET8,CNF1ET8,258,Holy,Lib3,T8,6/26/19,33.69009898,-117.463133,1228,Sourh,200,Soil,10,CNF01,1E,Burned,Moderate,Low,1,286,39,9,7.46,2.9,19,22.4,72,2,0.075
F259HolyCNF1ST8,CNF1ST8,259,Holy,Lib3,T8,6/26/19,33.69009898,-117.463133,1228,Sourh,200,Soil,10,CNF01,1S,Burned,Moderate,High,7.5,286,39,9,7.46,2.9,19,22.4,72,2,0.075
F260HolyCNF1WT8,CNF1WT8,260,Holy,Lib3,T8,6/26/19,33.69009898,-117.463133,1228,Sourh,200,Soil,10,CNF01,1W,Burned,Moderate,High,4,286,39,9,7.46,2.9,19,22.4,72,2,0.075
F261HolyCNF2NT8,CNF2NT8,261,Holy,Lib3,T8,6/26/19,33.69537304,-117.471397,1260,Southwest,242,Soil,10,CNF02,2N,Burned,Moderate,High,6,286,39,9,7.46,2.9,19,22.4,72,2,0.075
F262HolyCNF2ET8,CNF2ET8,262,Holy,Lib3,T8,6/26/19,33.69537304,-117.471397,1260,Southwest,242,Soil,10,CNF02,2E,Burned,Moderate,High,4,286,39,9,7.46,2.9,19,22.4,72,2,0.075
F263HolyCNF2ST8,CNF2ST8,263,Holy,Lib3,T8,6/26/19,33.69537304,-117.471397,1260,Southwest,242,Soil,10,CNF02,2S,Burned,Moderate,High,6,286,39,9,7.46,2.9,19,22.4,72,2,0.075
F264HolyCNF2WT8,CNF2WT8,264,Holy,Lib3,T8,6/26/19,33.69537304,-117.471397,1260,Southwest,242,Soil,10,CNF02,2W,Burned,Moderate,High,6,286,39,9,7.46,2.9,19,22.4,72,2,0.075
F265HolyCNF3NT8,CNF3NT8,265,Holy,Lib3,T8,6/26/19,33.69325502,-117.466555,1237,Southwest,222,Soil,10,CNF03,3N,Burned,Moderate,High,4.5,286,39,9,7.46,2.9,19,22.4,72,2,0.075
F266HolyCNF3ET8,CNF3ET8,266,Holy,Lib3,T8,6/26/19,33.69325502,-117.466555,1237,Southwest,222,Soil,10,CNF03,3E,Burned,Moderate,High,4,286,39,9,7.46,2.9,19,22.4,72,2,0.075
F267HolyCNF3ST8,CNF3ST8,267,Holy,Lib3,T8,6/26/19,33.69325502,-117.466555,1237,Southwest,222,Soil,10,CNF03,3S,Burned,Moderate,Low,1.3,286,39,9,7.46,2.9,19,22.4,72,2,0.075
F268HolyCNF3WT8,CNF3WT8,268,Holy,Lib3,T8,6/26/19,33.69325502,-117.466555,1237,Southwest,222,Soil,10,CNF03,3W,Burned,Moderate,Moderate,2,286,39,9,7.46,2.9,19,22.4,72,2,0.075
F269HolyCNF4NT8,CNF4NT8,269,Holy,Lib3,T8,6/26/19,33.68456097,-117.457109,1260,Southeast,120,Soil,10,CNF04,4N,Burned,Moderate,Low,0.5,286,39,9,7.46,2.9,19,22.4,72,2,0.075
F270HolyCNF4ET8,CNF4ET8,270,Holy,Lib3,T8,6/26/19,33.68456097,-117.457109,1260,Southeast,120,Soil,10,CNF04,4E,Burned,Moderate,High,4.7,286,39,9,7.46,2.9,19,22.4,72,2,0.075
F271HolyCNF4ST8,CNF4ST8,271,Holy,Lib3,T8,6/26/19,33.68456097,-117.457109,1260,Southeast,120,Soil,10,CNF04,4S,Burned,Moderate,Moderate,2.5,286,39,9,7.46,2.9,19,22.4,72,2,0.075
F272HolyCNF4WT8,CNF4WT8,272,Holy,Lib3,T8,6/26/19,33.68456097,-117.457109,1260,Southeast,120,Soil,10,CNF04,4W,Burned,Moderate,Moderate,3,286,39,9,7.46,2.9,19,22.4,72,2,0.075
F273HolyCNF5NT8,CNF5NT8,273,Holy,Lib3,T8,6/26/19,33.67808503,-117.457193,1195,West,260,Soil,10,CNF05,5N,Burned,Moderate,High,5.5,286,39,9,7.46,2.9,19,22.4,72,2,0.075
F274HolyCNF5ET8,CNF5ET8,274,Holy,Lib3,T8,6/26/19,33.67808503,-117.457193,1195,West,260,Soil,10,CNF05,5E,Burned,Moderate,High,4.5,286,39,9,7.46,2.9,19,22.4,72,2,0.075
F275HolyCNF5ST8,CNF5ST8,275,Holy,Lib3,T8,6/26/19,33.67808503,-117.457193,1195,West,260,Soil,10,CNF05,5S,Burned,Moderate,High,8.3,286,39,9,7.46,2.9,19,22.4,72,2,0.075
F276HolyCNF5WT8,CNF5WT8,276,Holy,Lib3,T8,6/26/19,33.67808503,-117.457193,1195,West,260,Soil,10,CNF05,5W,Burned,Moderate,High,7.8,286,39,9,7.46,2.9,19,22.4,72,2,0.075
F278HolyCNF6NT8,CNF6NT8,278,Holy,Lib3,T8,6/26/19,33.67167497,-117.458871,1285,Southwest,212,Soil,10,CNF06,6N,Burned,Moderate,Moderate,1.9,286,39,9,7.46,2.9,19,22.4,72,2,0.075
F279HolyCNF6ET8,CNF6ET8,279,Holy,Lib3,T8,6/26/19,33.67167497,-117.458871,1285,Southwest,212,Soil,10,CNF06,6E,Burned,Moderate,High,11.8,286,39,9,7.46,2.9,19,22.4,72,2,0.075
F280HolyCNF6ST8,CNF6ST8,280,Holy,Lib3,T8,6/26/19,33.67167497,-117.458871,1285,Southwest,212,Soil,10,CNF06,6S,Burned,Moderate,High,5.5,286,39,9,7.46,2.9,19,22.4,72,2,0.075
F281HolyCNF6WT8,CNF6WT8,281,Holy,Lib3,T8,6/26/19,33.67167497,-117.458871,1285,Southwest,212,Soil,10,CNF06,6W,Burned,Moderate,Moderate,2,286,39,9,7.46,2.9,19,22.4,72,2,0.075
F282HolyCNF7NT8,CNF7NT8,282,Holy,Lib3,T8,6/26/19,33.67135101,-117.458591,1283,Southwest,232,Soil,10,CNF07,7N,Unburned,Unburned,Unburned,0,286,39,9,7.46,2.9,19,22.4,72,2,0.075
F283HolyCNF7ET8,CNF7ET8,283,Holy,Lib3,T8,6/26/19,33.67135101,-117.458591,1283,Southwest,232,Soil,10,CNF07,7E,Unburned,Unburned,Unburned,0,286,39,9,7.46,2.9,19,22.4,72,2,0.075
F284HolyCNF7ST8,CNF7ST8,284,Holy,Lib3,T8,6/26/19,33.67135101,-117.458591,1283,Southwest,232,Soil,10,CNF07,7S,Unburned,Unburned,Unburned,0,286,39,9,7.46,2.9,19,22.4,72,2,0.075
F285HolyCNF7WT8,CNF7WT8,285,Holy,Lib3,T8,6/26/19,33.67135101,-117.458591,1283,Southwest,232,Soil,10,CNF07,7W,Unburned,Unburned,Unburned,0,286,39,9,7.46,2.9,19,22.4,72,2,0.075
F286HolyCNF8NT8,CNF8NT8,286,Holy,Lib3,T8,6/26/19,33.66813001,-117.45604,1250,Southwest,221,Soil,10,CNF08,8N,Unburned,Unburned,Unburned,0,286,39,9,7.46,2.9,19,22.4,72,2,0.075
F287HolyCNF8ET8,CNF8ET8,287,Holy,Lib3,T8,6/26/19,33.66813001,-117.45604,1250,Southwest,221,Soil,10,CNF08,8E,Unburned,Unburned,Unburned,0,286,39,9,7.46,2.9,19,22.4,72,2,0.075
F288HolyCNF8ST8,CNF8ST8,288,Holy,Lib3,T8,6/26/19,33.66813001,-117.45604,1250,Southwest,221,Soil,10,CNF08,8S,Unburned,Unburned,Unburned,0,286,39,9,7.46,2.9,19,22.4,72,2,0.075
F289HolyCNF8WT8,CNF8WT8,289,Holy,Lib3,T8,6/26/19,33.66813001,-117.45604,1250,Southwest,221,Soil,10,CNF08,8W,Unburned,Unburned,Unburned,0,286,39,9,7.46,2.9,19,22.4,72,2,0.075
F290HolyCNF9NT8,CNF9NT8,290,Holy,Lib3,T8,6/26/19,33.66779901,-117.455492,1240,Southeast,-,Soil,10,CNF09,9N,Unburned,Unburned,Unburned,0,286,39,9,7.46,2.9,19,22.4,72,2,0.075
F58HolyCNF4NbT5,CNF4NT5,59,Holy,Lib1,T5,12/17/18,33.68456097,-117.457109,1260,Southeast,120,Soil,10,CNF04,4N,Burned,Moderate,Low,0.5,95,13,3,2.88,3.6,12,11.4,50,51,1.63
F59HolyCNF4EbT5,CNF4ET5,60,Holy,Lib1,T5,12/17/18,33.68456097,-117.457109,1260,Southeast,120,Soil,10,CNF04,4E,Burned,Moderate,High,4.7,95,13,3,2.88,3.6,12,11.4,50,51,1.63
F60HolyCNF4SbT5,CNF4ST5,61,Holy,Lib1,T5,12/17/18,33.68456097,-117.457109,1260,Southeast,120,Soil,10,CNF04,4S,Burned,Moderate,Moderate,2.5,95,13,3,2.88,3.6,12,11.4,50,51,1.63
F61HolyCNF4WbT5,CNF4WT5,61,Holy,Lib1,T5,12/17/18,33.68456097,-117.457109,1260,Southeast,120,Soil,10,CNF04,4W,Burned,Moderate,Moderate,3,95,13,3,2.88,3.6,12,11.4,50,51,1.63
F62HolyCNF3WbT5,CNF3WT5,62,Holy,Lib1,T5,12/17/18,33.69325502,-117.466555,1237,Southwest,222,Soil,10,CNF03,3W,Burned,Moderate,Moderate,2,95,13,3,2.88,3.6,12,11.4,50,51,1.63
F63HolyCNF3EbT5,CNF3ET5,63,Holy,Lib1,T5,12/17/18,33.69325502,-117.466555,1237,Southwest,222,Soil,10,CNF03,3E,Burned,Moderate,High,4,95,13,3,2.88,3.6,12,11.4,50,51,1.63
F64HolyCNF3SbT5,CNF3ST5,64,Holy,Lib1,T5,12/17/18,33.69325502,-117.466555,1237,Southwest,222,Soil,10,CNF03,3S,Burned,Moderate,Low,1.3,95,13,3,2.88,3.6,12,11.4,50,51,1.63
F65HolyCNF3NbT5,CNF3NT5,65,Holy,Lib1,T5,12/17/18,33.69325502,-117.466555,1237,Southwest,222,Soil,10,CNF03,3N,Burned,Moderate,High,4.5,95,13,3,2.88,3.6,12,11.4,50,51,1.63
F66HolyCNF6NbT5,CNF6NT5,66,Holy,Lib1,T5,12/17/18,33.67167497,-117.458871,1285,Southwest,212,Soil,10,CNF06,6N,Burned,Moderate,Moderate,1.9,95,13,3,2.88,3.6,12,11.4,50,51,1.63
F67HolyCNF6EbT5,CNF6ET5,67,Holy,Lib1,T5,12/17/18,33.67167497,-117.458871,1285,Southwest,212,Soil,10,CNF06,6E,Burned,Moderate,High,11.8,95,13,3,2.88,3.6,12,11.4,50,51,1.63
F68HolyCNF6SbT5,CNF6ST5,68,Holy,Lib1,T5,12/17/18,33.67167497,-117.458871,1285,Southwest,212,Soil,10,CNF06,6S,Burned,Moderate,High,5.5,95,13,3,2.88,3.6,12,11.4,50,51,1.63
F69HolyCNF6WbT5,CNF6WT5,69,Holy,Lib1,T5,12/17/18,33.67167497,-117.458871,1285,Southwest,212,Soil,10,CNF06,6W,Burned,Moderate,Moderate,2,95,13,3,2.88,3.6,12,11.4,50,51,1.63
F6HolyCNF5ET2,CNF5ET2,6,Holy,Lib3,T2,10/8/18,33.67808503,-117.457193,1195,West,260,Soil,10,CNF05,5E,Burned,Moderate,High,4.5,25,3,0.8,4.48,3.2,18.9,19,50,21,0.679677419
F70HolyCNF7NbT5,CNF7NT5,70,Holy,Lib1,T5,12/17/18,33.67135101,-117.458591,1283,Southwest,232,Soil,10,CNF07,7N,Unburned,Unburned,Unburned,0,95,13,3,2.88,3.6,12,11.4,50,51,1.63
F71HolyCNF7SbT5,CNF7ST5,71,Holy,Lib1,T5,12/17/18,33.67135101,-117.458591,1283,Southwest,232,Soil,10,CNF07,7S,Unburned,Unburned,Unburned,0,95,13,3,2.88,3.6,12,11.4,50,51,1.63
F72HolyCNF7WbT5,CNF7WT5,72,Holy,Lib1,T5,12/17/18,33.67135101,-117.458591,1283,Southwest,232,Soil,10,CNF07,7W,Unburned,Unburned,Unburned,0,95,13,3,2.88,3.6,12,11.4,50,51,1.63
F73HolyCNF7EbT5,CNF7ET5,73,Holy,Lib1,T5,12/17/18,33.67135101,-117.458591,1283,Southwest,232,Soil,10,CNF07,7E,Unburned,Unburned,Unburned,0,95,13,3,2.88,3.6,12,11.4,50,51,1.63
F75HolyCNF9NbT5,CNF9NT5,75,Holy,Lib1,T5,12/17/18,33.66779901,-117.455492,1240,Southeast,-,Soil,10,CNF09,9N,Unburned,Unburned,Unburned,0,95,13,3,2.88,3.6,12,11.4,50,51,1.63
F76HolyCNF9EbT5,CNF9ET5,76,Holy,Lib1,T5,12/17/18,33.66779901,-117.455492,1240,Southeast,-,Soil,10,CNF09,9E,Unburned,Unburned,Unburned,0,95,13,3,2.88,3.6,12,11.4,50,51,1.63
F77HolyCNF9SbT5,CNF9ST5,77,Holy,Lib1,T5,12/17/18,33.66779901,-117.455492,1240,Southeast,-,Soil,10,CNF09,9S,Unburned,Unburned,Unburned,0,95,13,3,2.88,3.6,12,11.4,50,51,1.63
F78HolyCNF9WbT5,CNF9WT5,78,Holy,Lib1,T5,12/17/18,33.66779901,-117.455492,1240,Southeast,-,Soil,10,CNF09,9W,Unburned,Unburned,Unburned,0,95,13,3,2.88,3.6,12,11.4,50,51,1.63
F79HolyCNF8NbT5,CNF8NT5,79,Holy,Lib1,T5,12/17/18,33.66813001,-117.45604,1250,Southwest,221,Soil,10,CNF08,8N,Unburned,Unburned,Unburned,0,95,13,3,2.88,3.6,12,11.4,50,51,1.63
F80HolyCNF8WbT5,CNF8WT5,80,Holy,Lib1,T5,12/17/18,33.66813001,-117.45604,1250,Southwest,221,Soil,10,CNF08,8W,Unburned,Unburned,Unburned,0,95,13,3,2.88,3.6,12,11.4,50,51,1.63
F81HolyCNF8SbT5,CNF8ST5,81,Holy,Lib1,T5,12/17/18,33.66813001,-117.45604,1250,Southwest,221,Soil,10,CNF08,8S,Unburned,Unburned,Unburned,0,95,13,3,2.88,3.6,12,11.4,50,51,1.63
F82HolyCNF8EbT5,CNF8ET5,82,Holy,Lib1,T5,12/17/18,33.66813001,-117.45604,1250,Southwest,221,Soil,10,CNF08,8E,Unburned,Unburned,Unburned,0,95,13,3,2.88,3.6,12,11.4,50,51,1.63
F83HolyCNF2NbT5,CNF2NT5,83,Holy,Lib1,T5,12/17/18,33.69537304,-117.471397,1260,Southwest,242,Soil,10,CNF02,2N,Burned,Moderate,High,6,95,13,3,2.88,3.6,12,11.4,50,51,1.63
F84HolyCNF2EbT5,CNF2ET5,84,Holy,Lib1,T5,12/17/18,33.69537304,-117.471397,1260,Southwest,242,Soil,10,CNF02,2E,Burned,Moderate,High,4,95,13,3,2.88,3.6,12,11.4,50,51,1.63
F85HolyCNF2SbT5,CNF2ST5,85,Holy,Lib1,T5,12/17/18,33.69537304,-117.471397,1260,Southwest,242,Soil,10,CNF02,2S,Burned,Moderate,High,6,95,13,3,2.88,3.6,12,11.4,50,51,1.63
F86HolyCNF2WbT5,CNF2WT5,86,Holy,Lib1,T5,12/17/18,33.69537304,-117.471397,1260,Southwest,242,Soil,10,CNF02,2W,Burned,Moderate,High,6,95,13,3,2.88,3.6,12,11.4,50,51,1.63
F87HolyCNF1NbT5,CNF1NT5,87,Holy,Lib1,T5,12/17/18,33.69009898,-117.463133,1228,Sourh,200,Soil,10,CNF01,1N,Burned,Moderate,High,7,95,13,3,2.88,3.6,12,11.4,50,51,1.63
F88HolyCNF1EbT5,CNF1ET5,88,Holy,Lib1,T5,12/17/18,33.69009898,-117.463133,1228,Sourh,200,Soil,10,CNF01,1E,Burned,Moderate,Low,1,95,13,3,2.88,3.6,12,11.4,50,51,1.63
F89HolyCNF1SbT5,CNF1ST5,89,Holy,Lib1,T5,12/17/18,33.69009898,-117.463133,1228,Sourh,200,Soil,10,CNF01,1S,Burned,Moderate,High,7.5,95,13,3,2.88,3.6,12,11.4,50,51,1.63
F8HolyCNF5WT2,CNF5WT2,8,Holy,Lib3,T2,10/8/18,33.67808503,-117.457193,1195,West,260,Soil,10,CNF05,5W,Burned,Moderate,High,7.8,25,3,0.8,4.48,3.2,18.9,19,50,21,0.679677419
F90HolyCNF1WbT5,CNF1WT5,90,Holy,Lib1,T5,12/17/18,33.69009898,-117.463133,1228,Sourh,200,Soil,10,CNF01,1W,Burned,Moderate,High,4,95,13,3,2.88,3.6,12,11.4,50,51,1.63
F91HolyCNF7NbT4,CNF7NT4,91,Holy,Lib1,T4,11/19/18,33.67135101,-117.458591,1283,Southwest,232,Soil,10,CNF07,7N,Unburned,Unburned,Unburned,0,67,9,2,3.62,4,15.7,15.3,41,59,1.972666667
F92HolyCNF7EbT4,CNF7ET4,92,Holy,Lib1,T4,11/19/18,33.67135101,-117.458591,1283,Southwest,232,Soil,10,CNF07,7E,Unburned,Unburned,Unburned,0,67,9,2,3.62,4,15.7,15.3,41,59,1.972666667
F93HolyCNF7SbT4,CNF7ST4,93,Holy,Lib1,T4,11/19/18,33.67135101,-117.458591,1283,Southwest,232,Soil,10,CNF07,7S,Unburned,Unburned,Unburned,0,67,9,2,3.62,4,15.7,15.3,41,59,1.972666667
F94HolyCNF7WbT4,CNF7WT4,94,Holy,Lib1,T4,11/19/18,33.67135101,-117.458591,1283,Southwest,232,Soil,10,CNF07,7W,Unburned,Unburned,Unburned,0,67,9,2,3.62,4,15.7,15.3,41,59,1.972666667
F95HolyCNF6NbT4,CNF6NT4,95,Holy,Lib1,T4,11/19/18,33.67167497,-117.458871,1285,Southwest,212,Soil,10,CNF06,6N,Burned,Moderate,Moderate,1.9,67,9,2,3.62,4,15.7,15.3,41,59,1.972666667
F96HolyCNF6EbT4,CNF6ET4,96,Holy,Lib1,T4,11/19/18,33.67167497,-117.458871,1285,Southwest,212,Soil,10,CNF06,6E,Burned,Moderate,High,11.8,67,9,2,3.62,4,15.7,15.3,41,59,1.972666667
F97HolyCNF6SbT4,CNF6ST4,97,Holy,Lib1,T4,11/19/18,33.67167497,-117.458871,1285,Southwest,212,Soil,10,CNF06,6S,Burned,Moderate,High,5.5,67,9,2,3.62,4,15.7,15.3,41,59,1.972666667
FHoly1ET9,CNF1ET9,296,Holy,Lib4,T9,9/24/19,33.69009898,-117.463133,1228,Sourh,200,Soil,10,CNF01,1E,Burned,Moderate,Low,1,376,52,12,5.68,2.9,22.3,23.4,54,1,0.017857143
FHoly1NT9,CNF1NT9,295,Holy,Lib4,T9,9/24/19,33.69009898,-117.463133,1228,Sourh,200,Soil,10,CNF01,1N,Burned,Moderate,High,7,376,52,12,5.68,2.9,22.3,23.4,54,1,0.017857143
FHoly1ST9,CNF1ST9,297,Holy,Lib4,T9,9/24/19,33.69009898,-117.463133,1228,Sourh,200,Soil,10,CNF01,1S,Burned,Moderate,High,7.5,376,52,12,5.68,2.9,22.3,23.4,54,1,0.017857143
FHoly1WT9,CNF1WT9,298,Holy,Lib4,T9,9/24/19,33.69009898,-117.463133,1228,Sourh,200,Soil,10,CNF01,1W,Burned,Moderate,High,4,376,52,12,5.68,2.9,22.3,23.4,54,1,0.017857143
FHoly2ET9,CNF2ET9,300,Holy,Lib4,T9,9/24/19,33.69537304,-117.471397,1260,Southwest,242,Soil,10,CNF02,2E,Burned,Moderate,High,4,376,52,12,5.68,2.9,22.3,23.4,54,1,0.017857143
FHoly2NT9,CNF2NT9,299,Holy,Lib4,T9,9/24/19,33.69537304,-117.471397,1260,Southwest,242,Soil,10,CNF02,2N,Burned,Moderate,High,6,376,52,12,5.68,2.9,22.3,23.4,54,1,0.017857143
FHoly2ST9,CNF2ST9,301,Holy,Lib4,T9,9/24/19,33.69537304,-117.471397,1260,Southwest,242,Soil,10,CNF02,2S,Burned,Moderate,High,6,376,52,12,5.68,2.9,22.3,23.4,54,1,0.017857143
FHoly2WT9,CNF2WT9,302,Holy,Lib4,T9,9/24/19,33.69537304,-117.471397,1260,Southwest,242,Soil,10,CNF02,2W,Burned,Moderate,High,6,376,52,12,5.68,2.9,22.3,23.4,54,1,0.017857143
FHoly3ET9,CNF3ET9,304,Holy,Lib4,T9,9/24/19,33.69325502,-117.466555,1237,Southwest,222,Soil,10,CNF03,3E,Burned,Moderate,High,4,376,52,12,5.68,2.9,22.3,23.4,54,1,0.017857143
FHoly3NT9,CNF3NT9,303,Holy,Lib4,T9,9/24/19,33.69325502,-117.466555,1237,Southwest,222,Soil,10,CNF03,3N,Burned,Moderate,High,4.5,376,52,12,5.68,2.9,22.3,23.4,54,1,0.017857143
FHoly3ST9,CNF3ST9,305,Holy,Lib4,T9,9/24/19,33.69325502,-117.466555,1237,Southwest,222,Soil,10,CNF03,3S,Burned,Moderate,Low,1.3,376,52,12,5.68,2.9,22.3,23.4,54,1,0.017857143
FHoly3WT9,CNF3WT9,306,Holy,Lib4,T9,9/24/19,33.69325502,-117.466555,1237,Southwest,222,Soil,10,CNF03,3W,Burned,Moderate,Moderate,2,376,52,12,5.68,2.9,22.3,23.4,54,1,0.017857143
FHoly4ET9,CNF4ET9,308,Holy,Lib4,T9,9/24/19,33.68456097,-117.457109,1260,Southeast,120,Soil,10,CNF04,4E,Burned,Moderate,High,4.7,376,52,12,5.68,2.9,22.3,23.4,54,1,0.017857143
FHoly4NT9,CNF4NT9,307,Holy,Lib4,T9,9/24/19,33.68456097,-117.457109,1260,Southeast,120,Soil,10,CNF04,4N,Burned,Moderate,Low,0.5,376,52,12,5.68,2.9,22.3,23.4,54,1,0.017857143
FHoly4ST9,CNF4ST9,309,Holy,Lib4,T9,9/24/19,33.68456097,-117.457109,1260,Southeast,120,Soil,10,CNF04,4S,Burned,Moderate,Moderate,2.5,376,52,12,5.68,2.9,22.3,23.4,54,1,0.017857143
FHoly4WT9,CNF4WT9,310,Holy,Lib4,T9,9/24/19,33.68456097,-117.457109,1260,Southeast,120,Soil,10,CNF04,4W,Burned,Moderate,Moderate,3,376,52,12,5.68,2.9,22.3,23.4,54,1,0.017857143
FHoly5ET9,CNF5ET9,312,Holy,Lib4,T9,9/24/19,33.67808503,-117.457193,1195,West,260,Soil,10,CNF05,5E,Burned,Moderate,High,4.5,376,52,12,5.68,2.9,22.3,23.4,54,1,0.017857143
FHoly5NT9,CNF5NT9,311,Holy,Lib4,T9,9/24/19,33.67808503,-117.457193,1195,West,260,Soil,10,CNF05,5N,Burned,Moderate,High,5.5,376,52,12,5.68,2.9,22.3,23.4,54,1,0.017857143
FHoly5ST9,CNF5ST9,313,Holy,Lib4,T9,9/24/19,33.67808503,-117.457193,1195,West,260,Soil,10,CNF05,5S,Burned,Moderate,High,8.3,376,52,12,5.68,2.9,22.3,23.4,54,1,0.017857143
FHoly5WT9,CNF5WT9,315,Holy,Lib4,T9,9/24/19,33.67808503,-117.457193,1195,West,260,Soil,10,CNF05,5W,Burned,Moderate,High,7.8,376,52,12,5.68,2.9,22.3,23.4,54,1,0.017857143
FHoly6ET9,CNF6ET9,317,Holy,Lib4,T9,9/24/19,33.67167497,-117.458871,1285,Southwest,212,Soil,10,CNF06,6E,Burned,Moderate,High,11.8,376,52,12,5.68,2.9,22.3,23.4,54,1,0.017857143
FHoly6NT9,CNF6NT9,316,Holy,Lib4,T9,9/24/19,33.67167497,-117.458871,1285,Southwest,212,Soil,10,CNF06,6N,Burned,Moderate,Moderate,1.9,376,52,12,5.68,2.9,22.3,23.4,54,1,0.017857143
FHoly6ST9,CNF6ST9,318,Holy,Lib4,T9,9/24/19,33.67167497,-117.458871,1285,Southwest,212,Soil,10,CNF06,6S,Burned,Moderate,High,5.5,376,52,12,5.68,2.9,22.3,23.4,54,1,0.017857143
FHoly6WT9,CNF6WT9,319,Holy,Lib4,T9,9/24/19,33.67167497,-117.458871,1285,Southwest,212,Soil,10,CNF06,6W,Burned,Moderate,Moderate,2,376,52,12,5.68,2.9,22.3,23.4,54,1,0.017857143
FHoly7ET9,CNF7ET9,321,Holy,Lib4,T9,9/24/19,33.67135101,-117.458591,1283,Southwest,232,Soil,10,CNF07,7E,Unburned,Unburned,Unburned,0,376,52,12,5.68,2.9,22.3,23.4,54,1,0.017857143
FHoly7NT9,CNF7NT9,320,Holy,Lib4,T9,9/24/19,33.67135101,-117.458591,1283,Southwest,232,Soil,10,CNF07,7N,Unburned,Unburned,Unburned,0,376,52,12,5.68,2.9,22.3,23.4,54,1,0.017857143
FHoly7ST9,CNF7ST9,322,Holy,Lib4,T9,9/24/19,33.67135101,-117.458591,1283,Southwest,232,Soil,10,CNF07,7S,Unburned,Unburned,Unburned,0,376,52,12,5.68,2.9,22.3,23.4,54,1,0.017857143
FHoly7WT9,CNF7WT9,323,Holy,Lib4,T9,9/24/19,33.67135101,-117.458591,1283,Southwest,232,Soil,10,CNF07,7W,Unburned,Unburned,Unburned,0,376,52,12,5.68,2.9,22.3,23.4,54,1,0.017857143
FHoly8ET9,CNF8ET9,325,Holy,Lib4,T9,9/24/19,33.66813001,-117.45604,1250,Southwest,221,Soil,10,CNF08,8E,Unburned,Unburned,Unburned,0,376,52,12,5.68,2.9,22.3,23.4,54,1,0.017857143
FHoly8NT9,CNF8NT9,324,Holy,Lib4,T9,9/24/19,33.66813001,-117.45604,1250,Southwest,221,Soil,10,CNF08,8N,Unburned,Unburned,Unburned,0,376,52,12,5.68,2.9,22.3,23.4,54,1,0.017857143
FHoly8ST9,CNF8ST9,326,Holy,Lib4,T9,9/24/19,33.66813001,-117.45604,1250,Southwest,221,Soil,10,CNF08,8S,Unburned,Unburned,Unburned,0,376,52,12,5.68,2.9,22.3,23.4,54,1,0.017857143
FHoly8WT9,CNF8WT9,327,Holy,Lib4,T9,9/24/19,33.66813001,-117.45604,1250,Southwest,221,Soil,10,CNF08,8W,Unburned,Unburned,Unburned,0,376,52,12,5.68,2.9,22.3,23.4,54,1,0.017857143
FHoly9ET9,CNF9ET9,329,Holy,Lib4,T9,9/24/19,33.66779901,-117.455492,1240,Southeast,-,Soil,10,CNF09,9E,Unburned,Unburned,Unburned,0,376,52,12,5.68,2.9,22.3,23.4,54,1,0.017857143
FHoly9NT9,CNF9NT9,328,Holy,Lib4,T9,9/24/19,33.66779901,-117.455492,1240,Southeast,-,Soil,10,CNF09,9N,Unburned,Unburned,Unburned,0,376,52,12,5.68,2.9,22.3,23.4,54,1,0.017857143
FHoly9ST9,CNF9ST9,330,Holy,Lib4,T9,9/24/19,33.66779901,-117.455492,1240,Southeast,-,Soil,10,CNF09,9S,Unburned,Unburned,Unburned,0,376,52,12,5.68,2.9,22.3,23.4,54,1,0.017857143
FHoly9WT9,CNF9WT9,331,Holy,Lib4,T9,9/24/19,33.66779901,-117.455492,1240,Southeast,-,Soil,10,CNF09,9W,Unburned,Unburned,Unburned,0,376,52,12,5.68,2.9,22.3,23.4,54,1,0.017857143
FCNF01WTP2,CNF1WT2,332,Holy,Lib4James,T2,10/8/18,33.69009898,-117.463133,1228,Sourh,200,Soil,10,CNF01,1W,Burned,Moderate,High,4,25,3,0.8,4.48,3.2,18.9,19,50,21,0.679677419
FCNF06WTP4,CNF6WT4,333,Holy,Lib4James,T4,11/19/18,33.67167497,-117.458871,1285,Southwest,212,Soil,10,CNF06,6W,Burned,Moderate,Moderate,2,67,9,2,3.62,4,15.7,15.3,41,59,1.972666667
FCNF09ETP8,CNF9ET8,291,Holy,Lib4James,T8,6/26/19,33.66779901,-117.455492,1240,Southeast,-,Soil,10,CNF09,9E,Unburned,Unburned,Unburned,0,286,39,9,7.46,2.9,19,22.4,72,2,0.075
FCNF09STP8,CNF9ST8,292,Holy,Lib4James,T8,6/26/19,33.66779901,-117.455492,1240,Southeast,-,Soil,10,CNF09,9S,Unburned,Unburned,Unburned,0,286,39,9,7.46,2.9,19,22.4,72,2,0.075
FCNF09WTP8,CNF9WT8,293,Holy,Lib4James,T8,6/26/19,33.66779901,-117.455492,1240,Southeast,-,Soil,10,CNF09,9W,Unburned,Unburned,Unburned,0,286,39,9,7.46,2.9,19,22.4,72,2,0.075